id,title,Pinterest board,description,link,media URL,availability,condition,price,sale_price,brand,google_product_category,additional_image_link,age_group,custom_label_0,custom_label_1,custom_label_2,custom_label_3,custom_label_4,product_type,item_group_id,gender
200,Lite-Cube - Spinner,Best Other Products,"Explore Lite-Cube - Spinner in the other category on TechPickHub. Discover trending Amazon.com products, shopping deals, buyer favorites and top-rated ecommerce products.",https://aamirsidque.github.io/TechPickHub/other/page1.html,https://m.media-amazon.com/images/I/91Ea1vU0PNL._AC_UL320_.jpg,in stock,new,508.55 USD,508.55 USD,TechPickHub,Electronics,https://m.media-amazon.com/images/I/91Ea1vU0PNL._AC_UL320_.jpg,adult,other,best-seller,amazon-products,techpickhub,shopping,other,200,unisex
201,Replacement Luggage Wheel Suitcase Repair Spinner Wheels Luggage Accessories (W149),Best Luggage Products,"Explore Replacement Luggage Wheel Suitcase Repair Spinner Wheels Luggage Accessories (W149) in the luggage category on TechPickHub. Discover trending Amazon.com products, shopping deals, buyer favorites and top-rated ecommerce products.",https://aamirsidque.github.io/TechPickHub/luggage/page2.html,https://m.media-amazon.com/images/I/51U8DEZEOyL._AC_UL320_.jpg,in stock,new,19.99 USD,19.99 USD,TechPickHub,Apparel & Accessories > Luggage & Bags,https://m.media-amazon.com/images/I/51U8DEZEOyL._AC_UL320_.jpg,adult,luggage,best-seller,amazon-products,techpickhub,shopping,luggage,201,unisex
202,"Water Resistant Print Trolley Case, Black, Size L: Fit 28-30 Inch Luggage",Best Luggage Products,"Explore Water Resistant Print Trolley Case, Black, Size L: Fit 28-30 Inch Luggage in the luggage category on TechPickHub. Discover trending Amazon.com products, shopping deals, buyer favorites and top-rated ecommerce products.",https://aamirsidque.github.io/TechPickHub/luggage/page2.html,https://m.media-amazon.com/images/I/61UMoXBDI-L._AC_UL320_.jpg,in stock,new,24.99 USD,24.99 USD,TechPickHub,Apparel & Accessories > Luggage & Bags,https://m.media-amazon.com/images/I/61UMoXBDI-L._AC_UL320_.jpg,adult,luggage,best-seller,amazon-products,techpickhub,shopping,luggage,202,unisex
203,Designer 20 Inch Carry On - Expandable (ABS + PC) Hardside Luggage - Lightweight Durable Suitcase With 8-Rolling Spinner Wheels for Women (Sunflower),Best Pc Products,"Explore Designer 20 Inch Carry On - Expandable (ABS + PC) Hardside Luggage - Lightweight Durable Suitcase With 8-Rolling Spinner Wheels for Women (Sunflower) in the pc category on TechPickHub. Discover trending Amazon.com products, shopping deals, buyer favorites and top-rated ecommerce products.",https://aamirsidque.github.io/TechPickHub/pc/page1.html,https://m.media-amazon.com/images/I/81C2uXhvwlL._AC_UL320_.jpg,in stock,new,142.49 USD,142.49 USD,TechPickHub,Electronics > Computers,https://m.media-amazon.com/images/I/81C2uXhvwlL._AC_UL320_.jpg,adult,pc,best-seller,amazon-products,techpickhub,shopping,pc,203,unisex
204,Luggage Sets Expandable ABS Hardshell 3pcs Clearance Luggage Hardside Lightweight Durable Suitcase sets Spinner Wheels Suitcase with TSA Lock (Gray),Best Pc Products,"Explore Luggage Sets Expandable ABS Hardshell 3pcs Clearance Luggage Hardside Lightweight Durable Suitcase sets Spinner Wheels Suitcase with TSA Lock (Gray) in the pc category on TechPickHub. Discover trending Amazon.com products, shopping deals, buyer favorites and top-rated ecommerce products.",https://aamirsidque.github.io/TechPickHub/pc/page1.html,https://m.media-amazon.com/images/I/71IzyUnC6CL._AC_UL320_.jpg,in stock,new,179.99 USD,179.99 USD,TechPickHub,Electronics > Computers,https://m.media-amazon.com/images/I/71IzyUnC6CL._AC_UL320_.jpg,adult,pc,best-seller,amazon-products,techpickhub,shopping,pc,204,unisex
205,"Disney Hardside Luggage with Spinner Wheels, Multicolor, 28""",Best Luggage Products,"Explore Disney Hardside Luggage with Spinner Wheels, Multicolor, 28"" in the luggage category on TechPickHub. Discover trending Amazon.com products, shopping deals, buyer favorites and top-rated ecommerce products.",https://aamirsidque.github.io/TechPickHub/luggage/page2.html,https://m.media-amazon.com/images/I/91zLUzDJaoL._AC_UL320_.jpg,in stock,new,144.79 USD,144.79 USD,TechPickHub,Apparel & Accessories > Luggage & Bags,https://m.media-amazon.com/images/I/91zLUzDJaoL._AC_UL320_.jpg,adult,luggage,best-seller,amazon-products,techpickhub,shopping,luggage,205,unisex
206,"Divinity II 32"" Softside Checked 8 Wheel Spinner, Black",Best Other Products,"Explore Divinity II 32"" Softside Checked 8 Wheel Spinner, Black in the other category on TechPickHub. Discover trending Amazon.com products, shopping deals, buyer favorites and top-rated ecommerce products.",https://aamirsidque.github.io/TechPickHub/other/page1.html,https://m.media-amazon.com/images/I/61kz6iYK3mL._AC_UL320_.jpg,in stock,new,130.0 USD,130.0 USD,TechPickHub,Electronics,https://m.media-amazon.com/images/I/61kz6iYK3mL._AC_UL320_.jpg,adult,other,best-seller,amazon-products,techpickhub,shopping,other,206,unisex
207,26 Inch Checked Luggage Hard Shell Suitcases with Wheels Tsa Approved Luggage Large Suitcase Travel Luggage for Women Men Rolling Luggage Bags for Weekender-Bamboo Green,Best Luggage Products,"Explore 26 Inch Checked Luggage Hard Shell Suitcases with Wheels Tsa Approved Luggage Large Suitcase Travel Luggage for Women Men Rolling Luggage Bags for Weekender-Bamboo Green in the luggage category on TechPickHub. Discover trending Amazon.com products, shopping deals, buyer favorites and top-rated ecommerce products.",https://aamirsidque.github.io/TechPickHub/luggage/page2.html,https://m.media-amazon.com/images/I/71HlrY0SHeL._AC_UL320_.jpg,in stock,new,239.99 USD,239.99 USD,TechPickHub,Apparel & Accessories > Luggage & Bags,https://m.media-amazon.com/images/I/71HlrY0SHeL._AC_UL320_.jpg,adult,luggage,best-seller,amazon-products,techpickhub,shopping,luggage,207,unisex
208,Bellagio 2.0 Spinner Trunk - 27 Inch - Luxury Bags for Women and Men - TSA Approved Luggage - Olive,Best Luggage Products,"Explore Bellagio 2.0 Spinner Trunk - 27 Inch - Luxury Bags for Women and Men - TSA Approved Luggage - Olive in the luggage category on TechPickHub. Discover trending Amazon.com products, shopping deals, buyer favorites and top-rated ecommerce products.",https://aamirsidque.github.io/TechPickHub/luggage/page2.html,https://m.media-amazon.com/images/I/71fQMxyorhL._AC_UL320_.jpg,in stock,new,730.0 USD,730.0 USD,TechPickHub,Apparel & Accessories > Luggage & Bags,https://m.media-amazon.com/images/I/71fQMxyorhL._AC_UL320_.jpg,adult,luggage,best-seller,amazon-products,techpickhub,shopping,luggage,208,unisex
209,"Lykke 32"" Softside Checked 8 Wheel Spinner, Black",Best Other Products,"Explore Lykke 32"" Softside Checked 8 Wheel Spinner, Black in the other category on TechPickHub. Discover trending Amazon.com products, shopping deals, buyer favorites and top-rated ecommerce products.",https://aamirsidque.github.io/TechPickHub/other/page1.html,https://m.media-amazon.com/images/I/712RxoyJ7pL._AC_UL320_.jpg,in stock,new,169.99 USD,169.99 USD,TechPickHub,Electronics,https://m.media-amazon.com/images/I/712RxoyJ7pL._AC_UL320_.jpg,adult,other,best-seller,amazon-products,techpickhub,shopping,other,209,unisex
210,"Luggage Suitcase with Spinner Wheels, Hardside Checked Luggage with TSA Lock, 24 Inch Medium Travel Suitcase (BLACK,4PCS)",Best Pc Products,"Explore Luggage Suitcase with Spinner Wheels, Hardside Checked Luggage with TSA Lock, 24 Inch Medium Travel Suitcase (BLACK,4PCS) in the pc category on TechPickHub. Discover trending Amazon.com products, shopping deals, buyer favorites and top-rated ecommerce products.",https://aamirsidque.github.io/TechPickHub/pc/page1.html,https://m.media-amazon.com/images/I/61URRBKoDCL._AC_UL320_.jpg,in stock,new,79.0 USD,79.0 USD,TechPickHub,Electronics > Computers,https://m.media-amazon.com/images/I/61URRBKoDCL._AC_UL320_.jpg,adult,pc,best-seller,amazon-products,techpickhub,shopping,pc,210,unisex
211,"Hardside Checked Luggage 30"" Suitcase Durable, Expandable Design with 360° Double Spinner Wheels, TSA Lock, Telescoping Handle, Secure Zipper and Internal Pockets (Blue)",Best Luggage Products,"Explore Hardside Checked Luggage 30"" Suitcase Durable, Expandable Design with 360° Double Spinner Wheels, TSA Lock, Telescoping Handle, Secure Zipper and Internal Pockets (Blue) in the luggage category on TechPickHub. Discover trending Amazon.com products, shopping deals, buyer favorites and top-rated ecommerce products.",https://aamirsidque.github.io/TechPickHub/luggage/page2.html,https://m.media-amazon.com/images/I/61uecHDCteL._AC_UL320_.jpg,in stock,new,149.0 USD,149.0 USD,TechPickHub,Apparel & Accessories > Luggage & Bags,https://m.media-amazon.com/images/I/61uecHDCteL._AC_UL320_.jpg,adult,luggage,best-seller,amazon-products,techpickhub,shopping,luggage,211,unisex
212,Unisex-Adult 6297 Hardside Expandable Luggage with Spinner Wheels,Best Luggage Products,"Explore Unisex-Adult 6297 Hardside Expandable Luggage with Spinner Wheels in the luggage category on TechPickHub. Discover trending Amazon.com products, shopping deals, buyer favorites and top-rated ecommerce products.",https://aamirsidque.github.io/TechPickHub/luggage/page2.html,https://m.media-amazon.com/images/I/51yjuhoShqL._AC_UL320_.jpg,in stock,new,119.99 USD,119.99 USD,TechPickHub,Apparel & Accessories > Luggage & Bags,https://m.media-amazon.com/images/I/51yjuhoShqL._AC_UL320_.jpg,adult,luggage,best-seller,amazon-products,techpickhub,shopping,luggage,212,unisex
213,"ABS Hardside Medium Checked Luggage, Suitcase with Double Spinner Wheels,TSA Travel Luggage Locks(24 Inch,Black)",Best Luggage Products,"Explore ABS Hardside Medium Checked Luggage, Suitcase with Double Spinner Wheels,TSA Travel Luggage Locks(24 Inch,Black) in the luggage category on TechPickHub. Discover trending Amazon.com products, shopping deals, buyer favorites and top-rated ecommerce products.",https://aamirsidque.github.io/TechPickHub/luggage/page2.html,https://m.media-amazon.com/images/I/71fJA30mUlL._AC_UL320_.jpg,in stock,new,89.98 USD,89.98 USD,TechPickHub,Apparel & Accessories > Luggage & Bags,https://m.media-amazon.com/images/I/71fJA30mUlL._AC_UL320_.jpg,adult,luggage,best-seller,amazon-products,techpickhub,shopping,luggage,213,unisex
214,Travel Softside 28 Inch Luggage with Spinner Wheels Lightweight Expandable Large Suitcase 8-wheel Spinners,Best Luggage Products,"Explore Travel Softside 28 Inch Luggage with Spinner Wheels Lightweight Expandable Large Suitcase 8-wheel Spinners in the luggage category on TechPickHub. Discover trending Amazon.com products, shopping deals, buyer favorites and top-rated ecommerce products.",https://aamirsidque.github.io/TechPickHub/luggage/page2.html,https://m.media-amazon.com/images/I/51P+rtvdA5L._AC_UL320_.jpg,in stock,new,109.99 USD,109.99 USD,TechPickHub,Apparel & Accessories > Luggage & Bags,https://m.media-amazon.com/images/I/51P+rtvdA5L._AC_UL320_.jpg,adult,luggage,best-seller,amazon-products,techpickhub,shopping,luggage,214,unisex
215,"Crimson 21"" Hardside Carry-on Spinner Luggage,Telescoping Handles, Metallic Blue, One Size",Best Luggage Products,"Explore Crimson 21"" Hardside Carry-on Spinner Luggage,Telescoping Handles, Metallic Blue, One Size in the luggage category on TechPickHub. Discover trending Amazon.com products, shopping deals, buyer favorites and top-rated ecommerce products.",https://aamirsidque.github.io/TechPickHub/luggage/page2.html,https://m.media-amazon.com/images/I/81-QXuxKvwL._AC_UL320_.jpg,in stock,new,110.28 USD,110.28 USD,TechPickHub,Apparel & Accessories > Luggage & Bags,https://m.media-amazon.com/images/I/81-QXuxKvwL._AC_UL320_.jpg,adult,luggage,best-seller,amazon-products,techpickhub,shopping,luggage,215,unisex
216,Carry On Luggage 20'' Travel Suitcase Rolling Luggage Aluminum Frame PC Hardside with Spinner Wheels & TSA Lock - Smoke White,Best Pc Products,"Explore Carry On Luggage 20'' Travel Suitcase Rolling Luggage Aluminum Frame PC Hardside with Spinner Wheels & TSA Lock - Smoke White in the pc category on TechPickHub. Discover trending Amazon.com products, shopping deals, buyer favorites and top-rated ecommerce products.",https://aamirsidque.github.io/TechPickHub/pc/page1.html,https://m.media-amazon.com/images/I/51Wbp530tbL._AC_UL320_.jpg,in stock,new,169.99 USD,169.99 USD,TechPickHub,Electronics > Computers,https://m.media-amazon.com/images/I/51Wbp530tbL._AC_UL320_.jpg,adult,pc,best-seller,amazon-products,techpickhub,shopping,pc,216,unisex
217,"Travel Luggage Cover Spandex Suitcase Protector Washable Baggage Covers (L (for 25-28 inch luggage), Go Travel)",Best Luggage Products,"Explore Travel Luggage Cover Spandex Suitcase Protector Washable Baggage Covers (L (for 25-28 inch luggage), Go Travel) in the luggage category on TechPickHub. Discover trending Amazon.com products, shopping deals, buyer favorites and top-rated ecommerce products.",https://aamirsidque.github.io/TechPickHub/luggage/page2.html,https://m.media-amazon.com/images/I/61ivhzu3XDL._AC_UL320_.jpg,in stock,new,17.99 USD,17.99 USD,TechPickHub,Apparel & Accessories > Luggage & Bags,https://m.media-amazon.com/images/I/61ivhzu3XDL._AC_UL320_.jpg,adult,luggage,best-seller,amazon-products,techpickhub,shopping,luggage,217,unisex
218,"PP Hardside Luggage with Spinner Wheels Suitcase with TSA Lock, Teal Blue, Checked-Large 28-Inch",Best Luggage Products,"Explore PP Hardside Luggage with Spinner Wheels Suitcase with TSA Lock, Teal Blue, Checked-Large 28-Inch in the luggage category on TechPickHub. Discover trending Amazon.com products, shopping deals, buyer favorites and top-rated ecommerce products.",https://aamirsidque.github.io/TechPickHub/luggage/page2.html,https://m.media-amazon.com/images/I/612aPQlpOxL._AC_UL320_.jpg,in stock,new,89.99 USD,89.99 USD,TechPickHub,Apparel & Accessories > Luggage & Bags,https://m.media-amazon.com/images/I/612aPQlpOxL._AC_UL320_.jpg,adult,luggage,best-seller,amazon-products,techpickhub,shopping,luggage,218,unisex
219,"Mountain Products Quadro Pro Hardcase, 22, Deep Navy",Best Other Products,"Explore Mountain Products Quadro Pro Hardcase, 22, Deep Navy in the other category on TechPickHub. Discover trending Amazon.com products, shopping deals, buyer favorites and top-rated ecommerce products.",https://aamirsidque.github.io/TechPickHub/other/page1.html,https://m.media-amazon.com/images/I/71ieblsSXtL._AC_UL320_.jpg,in stock,new,188.13 USD,188.13 USD,TechPickHub,Electronics,https://m.media-amazon.com/images/I/71ieblsSXtL._AC_UL320_.jpg,adult,other,best-seller,amazon-products,techpickhub,shopping,other,219,unisex
220,Xl Luggage Cover Travel Suitcase Protectors for Travel Fits 29 30 31 32 Inch,Best Luggage Products,"Explore Xl Luggage Cover Travel Suitcase Protectors for Travel Fits 29 30 31 32 Inch in the luggage category on TechPickHub. Discover trending Amazon.com products, shopping deals, buyer favorites and top-rated ecommerce products.",https://aamirsidque.github.io/TechPickHub/luggage/page2.html,https://m.media-amazon.com/images/I/61n-6+HzI0L._AC_UL320_.jpg,in stock,new,19.99 USD,19.99 USD,TechPickHub,Apparel & Accessories > Luggage & Bags,https://m.media-amazon.com/images/I/61n-6+HzI0L._AC_UL320_.jpg,adult,luggage,best-seller,amazon-products,techpickhub,shopping,luggage,220,unisex
221,"Design Pattern 28"" Luggage Softside Expandable With Double Spinner Wheels, Large Lightweight Suitcase Checked Bag For Women",Best Luggage Products,"Explore Design Pattern 28"" Luggage Softside Expandable With Double Spinner Wheels, Large Lightweight Suitcase Checked Bag For Women in the luggage category on TechPickHub. Discover trending Amazon.com products, shopping deals, buyer favorites and top-rated ecommerce products.",https://aamirsidque.github.io/TechPickHub/luggage/page2.html,https://m.media-amazon.com/images/I/81vio2yxqNL._AC_UL320_.jpg,in stock,new,149.99 USD,149.99 USD,TechPickHub,Apparel & Accessories > Luggage & Bags,https://m.media-amazon.com/images/I/81vio2yxqNL._AC_UL320_.jpg,adult,luggage,best-seller,amazon-products,techpickhub,shopping,luggage,221,unisex
222,"Luggage Cover for Suitcase Tsa Approved,Plastic Clear Travel Suitcase Protector Cover for 28 inch lugggage,Waterproof.",Best Luggage Products,"Explore Luggage Cover for Suitcase Tsa Approved,Plastic Clear Travel Suitcase Protector Cover for 28 inch lugggage,Waterproof. in the luggage category on TechPickHub. Discover trending Amazon.com products, shopping deals, buyer favorites and top-rated ecommerce products.",https://aamirsidque.github.io/TechPickHub/luggage/page2.html,https://m.media-amazon.com/images/I/61Jvt9h8pdL._AC_UL320_.jpg,in stock,new,15.99 USD,15.99 USD,TechPickHub,Apparel & Accessories > Luggage & Bags,https://m.media-amazon.com/images/I/61Jvt9h8pdL._AC_UL320_.jpg,adult,luggage,best-seller,amazon-products,techpickhub,shopping,luggage,222,unisex
223,"30"" International Trunk Aluminum Hardside Luggage",Best Luggage Products,"Explore 30"" International Trunk Aluminum Hardside Luggage in the luggage category on TechPickHub. Discover trending Amazon.com products, shopping deals, buyer favorites and top-rated ecommerce products.",https://aamirsidque.github.io/TechPickHub/luggage/page2.html,https://m.media-amazon.com/images/I/51uZCyRgEaL._AC_UL320_.jpg,in stock,new,1129.0 USD,1129.0 USD,TechPickHub,Apparel & Accessories > Luggage & Bags,https://m.media-amazon.com/images/I/51uZCyRgEaL._AC_UL320_.jpg,adult,luggage,best-seller,amazon-products,techpickhub,shopping,luggage,223,unisex
224,"Luggage Set 2 Piece 20/28, 20"" Carry-on with Front Pocket & 28"" Expandable Luggage, ABS+PC Suitcase with Spinner Wheels, TSA Lock, YKK, Silver Grey",Best Pc Products,"Explore Luggage Set 2 Piece 20/28, 20"" Carry-on with Front Pocket & 28"" Expandable Luggage, ABS+PC Suitcase with Spinner Wheels, TSA Lock, YKK, Silver Grey in the pc category on TechPickHub. Discover trending Amazon.com products, shopping deals, buyer favorites and top-rated ecommerce products.",https://aamirsidque.github.io/TechPickHub/pc/page1.html,https://m.media-amazon.com/images/I/71n1pXC+khL._AC_UL320_.jpg,in stock,new,192.99 USD,192.99 USD,TechPickHub,Electronics > Computers,https://m.media-amazon.com/images/I/71n1pXC+khL._AC_UL320_.jpg,adult,pc,best-seller,amazon-products,techpickhub,shopping,pc,224,unisex
225,Designer Luggage Collection - Large 28 Inch Expandable Softside Suitcase - Lightweight Checked Bag With 4-Rolling Spinner Wheels (Paige Silver),Best Luggage Products,"Explore Designer Luggage Collection - Large 28 Inch Expandable Softside Suitcase - Lightweight Checked Bag With 4-Rolling Spinner Wheels (Paige Silver) in the luggage category on TechPickHub. Discover trending Amazon.com products, shopping deals, buyer favorites and top-rated ecommerce products.",https://aamirsidque.github.io/TechPickHub/luggage/page2.html,https://m.media-amazon.com/images/I/81W4kBronyL._AC_UL320_.jpg,in stock,new,129.99 USD,129.99 USD,TechPickHub,Apparel & Accessories > Luggage & Bags,https://m.media-amazon.com/images/I/81W4kBronyL._AC_UL320_.jpg,adult,luggage,best-seller,amazon-products,techpickhub,shopping,luggage,225,unisex
226,"Women's Luggage Adriana 29"" Hardside Check in Spinner, Leopard, One Size",Best Luggage Products,"Explore Women's Luggage Adriana 29"" Hardside Check in Spinner, Leopard, One Size in the luggage category on TechPickHub. Discover trending Amazon.com products, shopping deals, buyer favorites and top-rated ecommerce products.",https://aamirsidque.github.io/TechPickHub/luggage/page2.html,https://m.media-amazon.com/images/I/81lS1WfhweL._AC_UL320_.jpg,in stock,new,158.63 USD,158.63 USD,TechPickHub,Apparel & Accessories > Luggage & Bags,https://m.media-amazon.com/images/I/81lS1WfhweL._AC_UL320_.jpg,adult,luggage,best-seller,amazon-products,techpickhub,shopping,luggage,226,unisex
227,"S'Cure DLX Spinner 75, 4.5 KG Hand Luggage, 75 cm, 102 liters, Black (Black/Gold Deluscious)",Best Luggage Products,"Explore S'Cure DLX Spinner 75, 4.5 KG Hand Luggage, 75 cm, 102 liters, Black (Black/Gold Deluscious) in the luggage category on TechPickHub. Discover trending Amazon.com products, shopping deals, buyer favorites and top-rated ecommerce products.",https://aamirsidque.github.io/TechPickHub/luggage/page2.html,https://m.media-amazon.com/images/I/910wngRh1nL._AC_UL320_.jpg,in stock,new,372.35 USD,372.35 USD,TechPickHub,Apparel & Accessories > Luggage & Bags,https://m.media-amazon.com/images/I/910wngRh1nL._AC_UL320_.jpg,adult,luggage,best-seller,amazon-products,techpickhub,shopping,luggage,227,unisex
228,"30"" Macro Traveler Aluminum Hardside Checked Luggage",Best Luggage Products,"Explore 30"" Macro Traveler Aluminum Hardside Checked Luggage in the luggage category on TechPickHub. Discover trending Amazon.com products, shopping deals, buyer favorites and top-rated ecommerce products.",https://aamirsidque.github.io/TechPickHub/luggage/page2.html,https://m.media-amazon.com/images/I/41nnB3UpNfL._AC_UL320_.jpg,in stock,new,999.0 USD,999.0 USD,TechPickHub,Apparel & Accessories > Luggage & Bags,https://m.media-amazon.com/images/I/41nnB3UpNfL._AC_UL320_.jpg,adult,luggage,best-seller,amazon-products,techpickhub,shopping,luggage,228,unisex
229,2023 Terminal Bag,Best Bags Products,"Explore 2023 Terminal Bag in the bags category on TechPickHub. Discover trending Amazon.com products, shopping deals, buyer favorites and top-rated ecommerce products.",https://aamirsidque.github.io/TechPickHub/bags/page1.html,https://m.media-amazon.com/images/I/711u8UbhjPL._AC_UL320_.jpg,in stock,new,221.05 USD,221.05 USD,TechPickHub,"Apparel & Accessories > Handbags, Wallets & Cases",https://m.media-amazon.com/images/I/711u8UbhjPL._AC_UL320_.jpg,adult,bags,best-seller,amazon-products,techpickhub,shopping,bags,229,unisex
230,"Sheen 31"" Hardside Checked 8 Wheel Expandable Spinner, Marmo Rose Print, 32""",Best Other Products,"Explore Sheen 31"" Hardside Checked 8 Wheel Expandable Spinner, Marmo Rose Print, 32"" in the other category on TechPickHub. Discover trending Amazon.com products, shopping deals, buyer favorites and top-rated ecommerce products.",https://aamirsidque.github.io/TechPickHub/other/page1.html,https://m.media-amazon.com/images/I/614OF31YkYL._AC_UL320_.jpg,in stock,new,141.63 USD,141.63 USD,TechPickHub,Electronics,https://m.media-amazon.com/images/I/614OF31YkYL._AC_UL320_.jpg,adult,other,best-seller,amazon-products,techpickhub,shopping,other,230,unisex
231,"Designer Luggage Collection - Expandable 28 Inch Softside Bag for Men & Women - Durable Lightweight Checked Suitcase with 4-Rolling Spinner Wheels (28in, Global Black)",Best Luggage Products,"Explore Designer Luggage Collection - Expandable 28 Inch Softside Bag for Men & Women - Durable Lightweight Checked Suitcase with 4-Rolling Spinner Wheels (28in, Global Black) in the luggage category on TechPickHub. Discover trending Amazon.com products, shopping deals, buyer favorites and top-rated ecommerce products.",https://aamirsidque.github.io/TechPickHub/luggage/page2.html,https://m.media-amazon.com/images/I/81i7e40zGdL._AC_UL320_.jpg,in stock,new,165.99 USD,165.99 USD,TechPickHub,Apparel & Accessories > Luggage & Bags,https://m.media-amazon.com/images/I/81i7e40zGdL._AC_UL320_.jpg,adult,luggage,best-seller,amazon-products,techpickhub,shopping,luggage,231,unisex
232,"IMPRESSION Luggage, Suitcase with 4 Double Spinner Quiet Wheels, TSA Zipper Lock, Waterproof Compartment, 28-Inch, White",Best Luggage Products,"Explore IMPRESSION Luggage, Suitcase with 4 Double Spinner Quiet Wheels, TSA Zipper Lock, Waterproof Compartment, 28-Inch, White in the luggage category on TechPickHub. Discover trending Amazon.com products, shopping deals, buyer favorites and top-rated ecommerce products.",https://aamirsidque.github.io/TechPickHub/luggage/page2.html,https://m.media-amazon.com/images/I/51PEqIUpOrL._AC_UL320_.jpg,in stock,new,359.99 USD,359.99 USD,TechPickHub,Apparel & Accessories > Luggage & Bags,https://m.media-amazon.com/images/I/51PEqIUpOrL._AC_UL320_.jpg,adult,luggage,best-seller,amazon-products,techpickhub,shopping,luggage,232,unisex
233,"Split Roller 110L - Woodland Floral, One Size",Best Other Products,"Explore Split Roller 110L - Woodland Floral, One Size in the other category on TechPickHub. Discover trending Amazon.com products, shopping deals, buyer favorites and top-rated ecommerce products.",https://aamirsidque.github.io/TechPickHub/other/page1.html,https://m.media-amazon.com/images/I/81a5Nu9IFnL._AC_UL320_.jpg,in stock,new,265.0 USD,265.0 USD,TechPickHub,Electronics,https://m.media-amazon.com/images/I/81a5Nu9IFnL._AC_UL320_.jpg,adult,other,best-seller,amazon-products,techpickhub,shopping,other,233,unisex
234,"Thicker Luggage Cover Elastic Suitcase Cover Protector Fits 18-32 Inch Suitcase Travel Accessories (World Map, L)",Best Luggage Products,"Explore Thicker Luggage Cover Elastic Suitcase Cover Protector Fits 18-32 Inch Suitcase Travel Accessories (World Map, L) in the luggage category on TechPickHub. Discover trending Amazon.com products, shopping deals, buyer favorites and top-rated ecommerce products.",https://aamirsidque.github.io/TechPickHub/luggage/page2.html,https://m.media-amazon.com/images/I/51K1r5Rn0tL._AC_UL320_.jpg,in stock,new,18.99 USD,18.99 USD,TechPickHub,Apparel & Accessories > Luggage & Bags,https://m.media-amazon.com/images/I/51K1r5Rn0tL._AC_UL320_.jpg,adult,luggage,best-seller,amazon-products,techpickhub,shopping,luggage,234,unisex
235,Gigabit Luggage Protector Case Clear PVC Luggage Cover Suitcase Protector Cover for Spinner Wheels Suitcase (30''(27.16''H x 19.68''L x 12.99''W)),Best Luggage Products,"Explore Gigabit Luggage Protector Case Clear PVC Luggage Cover Suitcase Protector Cover for Spinner Wheels Suitcase (30''(27.16''H x 19.68''L x 12.99''W)) in the luggage category on TechPickHub. Discover trending Amazon.com products, shopping deals, buyer favorites and top-rated ecommerce products.",https://aamirsidque.github.io/TechPickHub/luggage/page2.html,https://m.media-amazon.com/images/I/71R-L7jTBHL._AC_UL320_.jpg,in stock,new,19.99 USD,19.99 USD,TechPickHub,Apparel & Accessories > Luggage & Bags,https://m.media-amazon.com/images/I/71R-L7jTBHL._AC_UL320_.jpg,adult,luggage,best-seller,amazon-products,techpickhub,shopping,luggage,235,unisex
236,"2Pcs Luggage Suitcase Wheel Left and Right Luggage, Swivel Wheels Replacement Accessory for Trolley",Best Pc Products,"Explore 2Pcs Luggage Suitcase Wheel Left and Right Luggage, Swivel Wheels Replacement Accessory for Trolley in the pc category on TechPickHub. Discover trending Amazon.com products, shopping deals, buyer favorites and top-rated ecommerce products.",https://aamirsidque.github.io/TechPickHub/pc/page1.html,https://m.media-amazon.com/images/I/51Ki5E4pZDL._AC_UL320_.jpg,in stock,new,22.79 USD,22.79 USD,TechPickHub,Electronics > Computers,https://m.media-amazon.com/images/I/51Ki5E4pZDL._AC_UL320_.jpg,adult,pc,best-seller,amazon-products,techpickhub,shopping,pc,236,unisex
237,X-Bag Large Spinner with Frame - 30 Inch - Suitcases with Wheels - Checked Luggage - Silver,Best Luggage Products,"Explore X-Bag Large Spinner with Frame - 30 Inch - Suitcases with Wheels - Checked Luggage - Silver in the luggage category on TechPickHub. Discover trending Amazon.com products, shopping deals, buyer favorites and top-rated ecommerce products.",https://aamirsidque.github.io/TechPickHub/luggage/page2.html,https://m.media-amazon.com/images/I/61gtPE89olL._AC_UL320_.jpg,in stock,new,280.0 USD,280.0 USD,TechPickHub,Apparel & Accessories > Luggage & Bags,https://m.media-amazon.com/images/I/61gtPE89olL._AC_UL320_.jpg,adult,luggage,best-seller,amazon-products,techpickhub,shopping,luggage,237,unisex
238,"Aluminum Checked Luggage Suitcase, Aluminum Hardside Luggage Suitcase with Spinner TSA Locks (Silver, Checked 25 Inch)",Best Luggage Products,"Explore Aluminum Checked Luggage Suitcase, Aluminum Hardside Luggage Suitcase with Spinner TSA Locks (Silver, Checked 25 Inch) in the luggage category on TechPickHub. Discover trending Amazon.com products, shopping deals, buyer favorites and top-rated ecommerce products.",https://aamirsidque.github.io/TechPickHub/luggage/page2.html,https://m.media-amazon.com/images/I/61dLTCmU42L._AC_UL320_.jpg,in stock,new,399.0 USD,399.0 USD,TechPickHub,Apparel & Accessories > Luggage & Bags,https://m.media-amazon.com/images/I/61dLTCmU42L._AC_UL320_.jpg,adult,luggage,best-seller,amazon-products,techpickhub,shopping,luggage,238,unisex
239,Ascella 3.0 Softside Expandable Luggage with Spinners | Light Plum | 2PC SET (Carry-on/Medium),Best Pc Products,"Explore Ascella 3.0 Softside Expandable Luggage with Spinners | Light Plum | 2PC SET (Carry-on/Medium) in the pc category on TechPickHub. Discover trending Amazon.com products, shopping deals, buyer favorites and top-rated ecommerce products.",https://aamirsidque.github.io/TechPickHub/pc/page1.html,https://m.media-amazon.com/images/I/812hQB7QG-L._AC_UL320_.jpg,in stock,new,359.99 USD,359.99 USD,TechPickHub,Electronics > Computers,https://m.media-amazon.com/images/I/812hQB7QG-L._AC_UL320_.jpg,adult,pc,best-seller,amazon-products,techpickhub,shopping,pc,239,unisex
240,"3 Pieces Clear PVC Suitcase Protector Waterproof Cover for Luggage TSA Approved Luggage , 24 Inches, 28 Inches, 30 Inches (Black Border)",Best Luggage Products,"Explore 3 Pieces Clear PVC Suitcase Protector Waterproof Cover for Luggage TSA Approved Luggage , 24 Inches, 28 Inches, 30 Inches (Black Border) in the luggage category on TechPickHub. Discover trending Amazon.com products, shopping deals, buyer favorites and top-rated ecommerce products.",https://aamirsidque.github.io/TechPickHub/luggage/page2.html,https://m.media-amazon.com/images/I/61WbaqbTsWL._AC_UL320_.jpg,in stock,new,19.98 USD,19.98 USD,TechPickHub,Apparel & Accessories > Luggage & Bags,https://m.media-amazon.com/images/I/61WbaqbTsWL._AC_UL320_.jpg,adult,luggage,best-seller,amazon-products,techpickhub,shopping,luggage,240,unisex
241,"Carry On Luggage 21"" Hardside PC ABS Lightweight USB Suitcase with Wheels TSA Lock",Best Pc Products,"Explore Carry On Luggage 21"" Hardside PC ABS Lightweight USB Suitcase with Wheels TSA Lock in the pc category on TechPickHub. Discover trending Amazon.com products, shopping deals, buyer favorites and top-rated ecommerce products.",https://aamirsidque.github.io/TechPickHub/pc/page1.html,https://m.media-amazon.com/images/I/61TFknHABIL._AC_UL320_.jpg,in stock,new,39.99 USD,39.99 USD,TechPickHub,Electronics > Computers,https://m.media-amazon.com/images/I/61TFknHABIL._AC_UL320_.jpg,adult,pc,best-seller,amazon-products,techpickhub,shopping,pc,241,unisex
242,"Washable Luggage Cover - Fashion Suitcase Protector Fits 27-30 Inch Luggage (Black, L)",Best Luggage Products,"Explore Washable Luggage Cover - Fashion Suitcase Protector Fits 27-30 Inch Luggage (Black, L) in the luggage category on TechPickHub. Discover trending Amazon.com products, shopping deals, buyer favorites and top-rated ecommerce products.",https://aamirsidque.github.io/TechPickHub/luggage/page2.html,https://m.media-amazon.com/images/I/417TKkZxnUL._AC_UL320_.jpg,in stock,new,15.99 USD,15.99 USD,TechPickHub,Apparel & Accessories > Luggage & Bags,https://m.media-amazon.com/images/I/417TKkZxnUL._AC_UL320_.jpg,adult,luggage,best-seller,amazon-products,techpickhub,shopping,luggage,242,unisex
243,"Women's Luggage Marie 29"" Hardside Check in Spinner, Telescoping Handles, Black Floral Print, One Size",Best Luggage Products,"Explore Women's Luggage Marie 29"" Hardside Check in Spinner, Telescoping Handles, Black Floral Print, One Size in the luggage category on TechPickHub. Discover trending Amazon.com products, shopping deals, buyer favorites and top-rated ecommerce products.",https://aamirsidque.github.io/TechPickHub/luggage/page2.html,https://m.media-amazon.com/images/I/81KaQGbjuhL._AC_UL320_.jpg,in stock,new,159.0 USD,159.0 USD,TechPickHub,Apparel & Accessories > Luggage & Bags,https://m.media-amazon.com/images/I/81KaQGbjuhL._AC_UL320_.jpg,adult,luggage,best-seller,amazon-products,techpickhub,shopping,luggage,243,unisex
244,"Suki Hardside Spinner Check in Luggage 29"", Light Grey/Neon",Best Luggage Products,"Explore Suki Hardside Spinner Check in Luggage 29"", Light Grey/Neon in the luggage category on TechPickHub. Discover trending Amazon.com products, shopping deals, buyer favorites and top-rated ecommerce products.",https://aamirsidque.github.io/TechPickHub/luggage/page2.html,https://m.media-amazon.com/images/I/814vkeVVKoS._AC_UL320_.jpg,in stock,new,179.99 USD,179.99 USD,TechPickHub,Apparel & Accessories > Luggage & Bags,https://m.media-amazon.com/images/I/814vkeVVKoS._AC_UL320_.jpg,adult,luggage,best-seller,amazon-products,techpickhub,shopping,luggage,244,unisex
245,"Clear Suitcase Cover, 28 Inch Travel Thicken Luggage Cover Protector, Luggage Covers for Suitcase Fully Transparent Luggage Protector Dustproof (28"" H x 19.5"" L x 13.4"" W)",Best Luggage Products,"Explore Clear Suitcase Cover, 28 Inch Travel Thicken Luggage Cover Protector, Luggage Covers for Suitcase Fully Transparent Luggage Protector Dustproof (28"" H x 19.5"" L x 13.4"" W) in the luggage category on TechPickHub. Discover trending Amazon.com products, shopping deals, buyer favorites and top-rated ecommerce products.",https://aamirsidque.github.io/TechPickHub/luggage/page2.html,https://m.media-amazon.com/images/I/71k-WiGziXL._AC_UL320_.jpg,in stock,new,16.99 USD,16.99 USD,TechPickHub,Apparel & Accessories > Luggage & Bags,https://m.media-amazon.com/images/I/71k-WiGziXL._AC_UL320_.jpg,adult,luggage,best-seller,amazon-products,techpickhub,shopping,luggage,245,unisex
246,"Whim Softside Expandable Luggage, Navy Blue, Medium Spinner",Best Luggage Products,"Explore Whim Softside Expandable Luggage, Navy Blue, Medium Spinner in the luggage category on TechPickHub. Discover trending Amazon.com products, shopping deals, buyer favorites and top-rated ecommerce products.",https://aamirsidque.github.io/TechPickHub/luggage/page2.html,https://m.media-amazon.com/images/I/81A60MA86xL._AC_UL320_.jpg,in stock,new,123.2 USD,123.2 USD,TechPickHub,Apparel & Accessories > Luggage & Bags,https://m.media-amazon.com/images/I/81A60MA86xL._AC_UL320_.jpg,adult,luggage,best-seller,amazon-products,techpickhub,shopping,luggage,246,unisex
247,"Reaction Rugged Roamer Luggage Collection Lightweight Softside Expandable 8-Wheel Spinner Travel Suitcase Bag, Black, 28-Inch Checked",Best Luggage Products,"Explore Reaction Rugged Roamer Luggage Collection Lightweight Softside Expandable 8-Wheel Spinner Travel Suitcase Bag, Black, 28-Inch Checked in the luggage category on TechPickHub. Discover trending Amazon.com products, shopping deals, buyer favorites and top-rated ecommerce products.",https://aamirsidque.github.io/TechPickHub/luggage/page2.html,https://m.media-amazon.com/images/I/918VzQxyWrL._AC_UL320_.jpg,in stock,new,149.99 USD,149.99 USD,TechPickHub,Apparel & Accessories > Luggage & Bags,https://m.media-amazon.com/images/I/918VzQxyWrL._AC_UL320_.jpg,adult,luggage,best-seller,amazon-products,techpickhub,shopping,luggage,247,unisex
248,"28 inch Luggage with Spinner Wheels, Hard Shell Suitcase with Expandable, Lightweight PC Luggage with TSA Lock(Black, Checked-Large 28-Inch)",Best Pc Products,"Explore 28 inch Luggage with Spinner Wheels, Hard Shell Suitcase with Expandable, Lightweight PC Luggage with TSA Lock(Black, Checked-Large 28-Inch) in the pc category on TechPickHub. Discover trending Amazon.com products, shopping deals, buyer favorites and top-rated ecommerce products.",https://aamirsidque.github.io/TechPickHub/pc/page1.html,https://m.media-amazon.com/images/I/61PUVF4pW5L._AC_UL320_.jpg,in stock,new,139.99 USD,139.99 USD,TechPickHub,Electronics > Computers,https://m.media-amazon.com/images/I/61PUVF4pW5L._AC_UL320_.jpg,adult,pc,best-seller,amazon-products,techpickhub,shopping,pc,248,unisex
249,"Signature 20-Inch, 24-Inch, 28-Inch Hard Side Suitcase Luggage with Spinner Wheels, Black, 24-Inch",Best Luggage Products,"Explore Signature 20-Inch, 24-Inch, 28-Inch Hard Side Suitcase Luggage with Spinner Wheels, Black, 24-Inch in the luggage category on TechPickHub. Discover trending Amazon.com products, shopping deals, buyer favorites and top-rated ecommerce products.",https://aamirsidque.github.io/TechPickHub/luggage/page2.html,https://m.media-amazon.com/images/I/71AkuzmBqAL._AC_UL320_.jpg,in stock,new,59.99 USD,59.99 USD,TechPickHub,Apparel & Accessories > Luggage & Bags,https://m.media-amazon.com/images/I/71AkuzmBqAL._AC_UL320_.jpg,adult,luggage,best-seller,amazon-products,techpickhub,shopping,luggage,249,unisex
250,"1 Pair Luggage Replacement Wheels, Replacement Luggage Suitcase Spinner Wheels, Swivel Suitcase Wheels Suitcase Wheel Repair Replacement Luggage Wheels for Luggage",Best Luggage Products,"Explore 1 Pair Luggage Replacement Wheels, Replacement Luggage Suitcase Spinner Wheels, Swivel Suitcase Wheels Suitcase Wheel Repair Replacement Luggage Wheels for Luggage in the luggage category on TechPickHub. Discover trending Amazon.com products, shopping deals, buyer favorites and top-rated ecommerce products.",https://aamirsidque.github.io/TechPickHub/luggage/page2.html,https://m.media-amazon.com/images/I/710Xw6N1tDL._AC_UL320_.jpg,in stock,new,23.69 USD,23.69 USD,TechPickHub,Apparel & Accessories > Luggage & Bags,https://m.media-amazon.com/images/I/710Xw6N1tDL._AC_UL320_.jpg,adult,luggage,best-seller,amazon-products,techpickhub,shopping,luggage,250,unisex
251,"Conventional II Softside Expandable Rugged Rolling Upright Suitcase, Lightweight Travel Luggage, Black, Checked-Large 30-Inch",Best Luggage Products,"Explore Conventional II Softside Expandable Rugged Rolling Upright Suitcase, Lightweight Travel Luggage, Black, Checked-Large 30-Inch in the luggage category on TechPickHub. Discover trending Amazon.com products, shopping deals, buyer favorites and top-rated ecommerce products.",https://aamirsidque.github.io/TechPickHub/luggage/page2.html,https://m.media-amazon.com/images/I/51V50ao7uUL._AC_UL320_.jpg,in stock,new,124.62 USD,124.62 USD,TechPickHub,Apparel & Accessories > Luggage & Bags,https://m.media-amazon.com/images/I/51V50ao7uUL._AC_UL320_.jpg,adult,luggage,best-seller,amazon-products,techpickhub,shopping,luggage,251,unisex
252,"Lite-Shock Suitcase, 75 cm, 98.5 Liters, Sand",Best Luggage Products,"Explore Lite-Shock Suitcase, 75 cm, 98.5 Liters, Sand in the luggage category on TechPickHub. Discover trending Amazon.com products, shopping deals, buyer favorites and top-rated ecommerce products.",https://aamirsidque.github.io/TechPickHub/luggage/page2.html,https://m.media-amazon.com/images/I/91G92lQOMSL._AC_UL320_.jpg,in stock,new,429.8 USD,429.8 USD,TechPickHub,Apparel & Accessories > Luggage & Bags,https://m.media-amazon.com/images/I/91G92lQOMSL._AC_UL320_.jpg,adult,luggage,best-seller,amazon-products,techpickhub,shopping,luggage,252,unisex
253,"OCEAN HOLIDAY Luggage with Double Spinner Wheels, Hardside, 24 Inch, Quiet, TSA Lock Suitcase, Soft Sand",Best Luggage Products,"Explore OCEAN HOLIDAY Luggage with Double Spinner Wheels, Hardside, 24 Inch, Quiet, TSA Lock Suitcase, Soft Sand in the luggage category on TechPickHub. Discover trending Amazon.com products, shopping deals, buyer favorites and top-rated ecommerce products.",https://aamirsidque.github.io/TechPickHub/luggage/page2.html,https://m.media-amazon.com/images/I/61bvKvJaQUL._AC_UL320_.jpg,in stock,new,0.0 USD,0.0 USD,TechPickHub,Apparel & Accessories > Luggage & Bags,https://m.media-amazon.com/images/I/61bvKvJaQUL._AC_UL320_.jpg,adult,luggage,best-seller,amazon-products,techpickhub,shopping,luggage,253,unisex
254,"2-Pcs Luggage Wheel Replacement,Suitcase Spinner Black Durable Mute Wheels Kit for DIY Repair,Spinner Wheels Plastic 360 Degree Rotation",Best Pc Products,"Explore 2-Pcs Luggage Wheel Replacement,Suitcase Spinner Black Durable Mute Wheels Kit for DIY Repair,Spinner Wheels Plastic 360 Degree Rotation in the pc category on TechPickHub. Discover trending Amazon.com products, shopping deals, buyer favorites and top-rated ecommerce products.",https://aamirsidque.github.io/TechPickHub/pc/page1.html,https://m.media-amazon.com/images/I/618LFUmVO+L._AC_UL320_.jpg,in stock,new,17.99 USD,17.99 USD,TechPickHub,Electronics > Computers,https://m.media-amazon.com/images/I/618LFUmVO+L._AC_UL320_.jpg,adult,pc,best-seller,amazon-products,techpickhub,shopping,pc,254,unisex
255,"Encompass 27"" Hardside Checked 8 Wheel Expandable Spinner, Cream",Best Other Products,"Explore Encompass 27"" Hardside Checked 8 Wheel Expandable Spinner, Cream in the other category on TechPickHub. Discover trending Amazon.com products, shopping deals, buyer favorites and top-rated ecommerce products.",https://aamirsidque.github.io/TechPickHub/other/page1.html,https://m.media-amazon.com/images/I/71ChyQceGZL._AC_UL320_.jpg,in stock,new,119.99 USD,119.99 USD,TechPickHub,Electronics,https://m.media-amazon.com/images/I/71ChyQceGZL._AC_UL320_.jpg,adult,other,best-seller,amazon-products,techpickhub,shopping,other,255,unisex
256,Split Convertible Roller,Best Other Products,"Explore Split Convertible Roller in the other category on TechPickHub. Discover trending Amazon.com products, shopping deals, buyer favorites and top-rated ecommerce products.",https://aamirsidque.github.io/TechPickHub/other/page1.html,https://m.media-amazon.com/images/I/81e0kdaAiXL._AC_UL320_.jpg,in stock,new,178.5 USD,178.5 USD,TechPickHub,Electronics,https://m.media-amazon.com/images/I/81e0kdaAiXL._AC_UL320_.jpg,adult,other,best-seller,amazon-products,techpickhub,shopping,other,256,unisex
257,Flower Lette M Black Luggage Cover Elastic Washable Stretch Suitcase Protector Anti-Scratch Travel Suitcase Cover for Kid and Adult L (25-28 inch suitcase),Best Luggage Products,"Explore Flower Lette M Black Luggage Cover Elastic Washable Stretch Suitcase Protector Anti-Scratch Travel Suitcase Cover for Kid and Adult L (25-28 inch suitcase) in the luggage category on TechPickHub. Discover trending Amazon.com products, shopping deals, buyer favorites and top-rated ecommerce products.",https://aamirsidque.github.io/TechPickHub/luggage/page2.html,https://m.media-amazon.com/images/I/51fclvh6XsL._AC_UL320_.jpg,in stock,new,21.1 USD,21.1 USD,TechPickHub,Apparel & Accessories > Luggage & Bags,https://m.media-amazon.com/images/I/51fclvh6XsL._AC_UL320_.jpg,adult,luggage,best-seller,amazon-products,techpickhub,shopping,luggage,257,unisex
258,"8020 Hardside Expandable Luggage with Spinner Wheels, Ultimate Grey, Checked-Large 27-Inch",Best Luggage Products,"Explore 8020 Hardside Expandable Luggage with Spinner Wheels, Ultimate Grey, Checked-Large 27-Inch in the luggage category on TechPickHub. Discover trending Amazon.com products, shopping deals, buyer favorites and top-rated ecommerce products.",https://aamirsidque.github.io/TechPickHub/luggage/page2.html,https://m.media-amazon.com/images/I/61qW7WUj1hL._AC_UL320_.jpg,in stock,new,149.99 USD,149.99 USD,TechPickHub,Apparel & Accessories > Luggage & Bags,https://m.media-amazon.com/images/I/61qW7WUj1hL._AC_UL320_.jpg,adult,luggage,best-seller,amazon-products,techpickhub,shopping,luggage,258,unisex
259,Designer Luggage Collection - Lightweight 24 Inch Expandable Softside Suitcase - Mid-size Rolling 4-Spinner Wheels Checked Bag (Harlo Black),Best Luggage Products,"Explore Designer Luggage Collection - Lightweight 24 Inch Expandable Softside Suitcase - Mid-size Rolling 4-Spinner Wheels Checked Bag (Harlo Black) in the luggage category on TechPickHub. Discover trending Amazon.com products, shopping deals, buyer favorites and top-rated ecommerce products.",https://aamirsidque.github.io/TechPickHub/luggage/page2.html,https://m.media-amazon.com/images/I/91XU6hAMBML._AC_UL320_.jpg,in stock,new,159.99 USD,159.99 USD,TechPickHub,Apparel & Accessories > Luggage & Bags,https://m.media-amazon.com/images/I/91XU6hAMBML._AC_UL320_.jpg,adult,luggage,best-seller,amazon-products,techpickhub,shopping,luggage,259,unisex
260,"8 Pieces Clear Luggage Cover PVC Suitcase Cover Protector Waterproof Cover for Luggage Spinner Wheels Suitcase (20 Inches, 24 Inches, 28 Inches, 30 Inches)",Best Luggage Products,"Explore 8 Pieces Clear Luggage Cover PVC Suitcase Cover Protector Waterproof Cover for Luggage Spinner Wheels Suitcase (20 Inches, 24 Inches, 28 Inches, 30 Inches) in the luggage category on TechPickHub. Discover trending Amazon.com products, shopping deals, buyer favorites and top-rated ecommerce products.",https://aamirsidque.github.io/TechPickHub/luggage/page2.html,https://m.media-amazon.com/images/I/81ZHN5lOY1L._AC_UL320_.jpg,in stock,new,38.99 USD,38.99 USD,TechPickHub,Apparel & Accessories > Luggage & Bags,https://m.media-amazon.com/images/I/81ZHN5lOY1L._AC_UL320_.jpg,adult,luggage,best-seller,amazon-products,techpickhub,shopping,luggage,260,unisex
261,"Checked Luggage 24 inch,Medium Suitcase with 8 Spinner Wheels,PC Lightweight Hardside Luggage,Travel Suitcase with Bread Design,TSA Lock,Grey,Checked-Medium 24-Inch,60L",Best Pc Products,"Explore Checked Luggage 24 inch,Medium Suitcase with 8 Spinner Wheels,PC Lightweight Hardside Luggage,Travel Suitcase with Bread Design,TSA Lock,Grey,Checked-Medium 24-Inch,60L in the pc category on TechPickHub. Discover trending Amazon.com products, shopping deals, buyer favorites and top-rated ecommerce products.",https://aamirsidque.github.io/TechPickHub/pc/page1.html,https://m.media-amazon.com/images/I/81eu8jjJYzL._AC_UL320_.jpg,in stock,new,159.99 USD,159.99 USD,TechPickHub,Electronics > Computers,https://m.media-amazon.com/images/I/81eu8jjJYzL._AC_UL320_.jpg,adult,pc,best-seller,amazon-products,techpickhub,shopping,pc,261,unisex
262,Designer Luggage Collection - Expandable 24 Inch Softside Bag - Durable Mid-sized Ultra Lightweight Checked Suitcase with 4-Rolling Spinner Wheels (Diva),Best Luggage Products,"Explore Designer Luggage Collection - Expandable 24 Inch Softside Bag - Durable Mid-sized Ultra Lightweight Checked Suitcase with 4-Rolling Spinner Wheels (Diva) in the luggage category on TechPickHub. Discover trending Amazon.com products, shopping deals, buyer favorites and top-rated ecommerce products.",https://aamirsidque.github.io/TechPickHub/luggage/page2.html,https://m.media-amazon.com/images/I/91AkCEohLmL._AC_UL320_.jpg,in stock,new,149.99 USD,149.99 USD,TechPickHub,Apparel & Accessories > Luggage & Bags,https://m.media-amazon.com/images/I/91AkCEohLmL._AC_UL320_.jpg,adult,luggage,best-seller,amazon-products,techpickhub,shopping,luggage,262,unisex
263,22 Inch Expandable checked Luggage Suitcases with Wheels Foldable Duffle Bag for Travel suitcase Weekend Bag for Women Men Garment Bag.（Black）,Best Luggage Products,"Explore 22 Inch Expandable checked Luggage Suitcases with Wheels Foldable Duffle Bag for Travel suitcase Weekend Bag for Women Men Garment Bag.（Black） in the luggage category on TechPickHub. Discover trending Amazon.com products, shopping deals, buyer favorites and top-rated ecommerce products.",https://aamirsidque.github.io/TechPickHub/luggage/page2.html,https://m.media-amazon.com/images/I/71Dk18QlF8L._AC_UL320_.jpg,in stock,new,149.99 USD,149.99 USD,TechPickHub,Apparel & Accessories > Luggage & Bags,https://m.media-amazon.com/images/I/71Dk18QlF8L._AC_UL320_.jpg,adult,luggage,best-seller,amazon-products,techpickhub,shopping,luggage,263,unisex
264,S'Cure - Spinner,Best Other Products,"Explore S'Cure - Spinner in the other category on TechPickHub. Discover trending Amazon.com products, shopping deals, buyer favorites and top-rated ecommerce products.",https://aamirsidque.github.io/TechPickHub/other/page1.html,https://m.media-amazon.com/images/I/81sA+TzBLHL._AC_UL320_.jpg,in stock,new,305.58 USD,305.58 USD,TechPickHub,Electronics,https://m.media-amazon.com/images/I/81sA+TzBLHL._AC_UL320_.jpg,adult,other,best-seller,amazon-products,techpickhub,shopping,other,264,unisex
265,"Archer Polycarbonate Hardside Spinner Luggage Set, Tie Down Straps, Light Purple, 2-Piece",Best Luggage Products,"Explore Archer Polycarbonate Hardside Spinner Luggage Set, Tie Down Straps, Light Purple, 2-Piece in the luggage category on TechPickHub. Discover trending Amazon.com products, shopping deals, buyer favorites and top-rated ecommerce products.",https://aamirsidque.github.io/TechPickHub/luggage/page2.html,https://m.media-amazon.com/images/I/61Kah7I+DbL._AC_UL320_.jpg,in stock,new,229.99 USD,229.99 USD,TechPickHub,Apparel & Accessories > Luggage & Bags,https://m.media-amazon.com/images/I/61Kah7I+DbL._AC_UL320_.jpg,adult,luggage,best-seller,amazon-products,techpickhub,shopping,luggage,265,unisex
266,"1 Pair Luggage Suitcase Wheels, Trunk Wheels, Luggage Wheel Spare Part Universal Wheel Replacement Luggage Suitcase Wheels for Luggage Suitcase Trolley, Mute Double Row Wheels",Best Luggage Products,"Explore 1 Pair Luggage Suitcase Wheels, Trunk Wheels, Luggage Wheel Spare Part Universal Wheel Replacement Luggage Suitcase Wheels for Luggage Suitcase Trolley, Mute Double Row Wheels in the luggage category on TechPickHub. Discover trending Amazon.com products, shopping deals, buyer favorites and top-rated ecommerce products.",https://aamirsidque.github.io/TechPickHub/luggage/page2.html,https://m.media-amazon.com/images/I/61tqz9VT70L._AC_UL320_.jpg,in stock,new,19.31 USD,19.31 USD,TechPickHub,Apparel & Accessories > Luggage & Bags,https://m.media-amazon.com/images/I/61tqz9VT70L._AC_UL320_.jpg,adult,luggage,best-seller,amazon-products,techpickhub,shopping,luggage,266,unisex
267,"20 Inch Luggage Carry On with Front Zipper Pocket, 22 x 14.6 x 10in, 45L, Lightweight ABS+PC Hardshell Suitcase with TSA Lock, YKK Zipper & 4 Spinner Silent Wheels, Green",Best Pc Products,"Explore 20 Inch Luggage Carry On with Front Zipper Pocket, 22 x 14.6 x 10in, 45L, Lightweight ABS+PC Hardshell Suitcase with TSA Lock, YKK Zipper & 4 Spinner Silent Wheels, Green in the pc category on TechPickHub. Discover trending Amazon.com products, shopping deals, buyer favorites and top-rated ecommerce products.",https://aamirsidque.github.io/TechPickHub/pc/page1.html,https://m.media-amazon.com/images/I/61jvVeBvOsL._AC_UL320_.jpg,in stock,new,85.99 USD,85.99 USD,TechPickHub,Electronics > Computers,https://m.media-amazon.com/images/I/61jvVeBvOsL._AC_UL320_.jpg,adult,pc,best-seller,amazon-products,techpickhub,shopping,pc,267,unisex
268,"Summer Spots 34"" Softside Checked 8 Wheel Lightweight, Red",Best Other Products,"Explore Summer Spots 34"" Softside Checked 8 Wheel Lightweight, Red in the other category on TechPickHub. Discover trending Amazon.com products, shopping deals, buyer favorites and top-rated ecommerce products.",https://aamirsidque.github.io/TechPickHub/other/page1.html,https://m.media-amazon.com/images/I/718iWqmbPSL._AC_UL320_.jpg,in stock,new,141.24 USD,141.24 USD,TechPickHub,Electronics,https://m.media-amazon.com/images/I/718iWqmbPSL._AC_UL320_.jpg,adult,other,best-seller,amazon-products,techpickhub,shopping,other,268,unisex
269,"3PCS Clear PVC Suitcase Cover Protectors, Transparent Luggage Cover with Luggage Straps, Waterproof Dustproof Cover for Luggage 20""+24""+28"" (Black Border)",Best Pc Products,"Explore 3PCS Clear PVC Suitcase Cover Protectors, Transparent Luggage Cover with Luggage Straps, Waterproof Dustproof Cover for Luggage 20""+24""+28"" (Black Border) in the pc category on TechPickHub. Discover trending Amazon.com products, shopping deals, buyer favorites and top-rated ecommerce products.",https://aamirsidque.github.io/TechPickHub/pc/page1.html,https://m.media-amazon.com/images/I/71w4P5YUuwL._AC_UL320_.jpg,in stock,new,13.99 USD,13.99 USD,TechPickHub,Electronics > Computers,https://m.media-amazon.com/images/I/71w4P5YUuwL._AC_UL320_.jpg,adult,pc,best-seller,amazon-products,techpickhub,shopping,pc,269,unisex
270,"8pcs Luggage Wheel Covers, Portable Suitcase Wheel Protector Covers Colorful Silicone Luggage Wheel Covers Luggage Spinner Wheel Covers for Most 8 Caster Luggage Accessories(black)",Best Pc Products,"Explore 8pcs Luggage Wheel Covers, Portable Suitcase Wheel Protector Covers Colorful Silicone Luggage Wheel Covers Luggage Spinner Wheel Covers for Most 8 Caster Luggage Accessories(black) in the pc category on TechPickHub. Discover trending Amazon.com products, shopping deals, buyer favorites and top-rated ecommerce products.",https://aamirsidque.github.io/TechPickHub/pc/page1.html,https://m.media-amazon.com/images/I/61VDysnb6tL._AC_UL320_.jpg,in stock,new,11.99 USD,11.99 USD,TechPickHub,Electronics > Computers,https://m.media-amazon.com/images/I/61VDysnb6tL._AC_UL320_.jpg,adult,pc,best-seller,amazon-products,techpickhub,shopping,pc,270,unisex
271,"Summer Spots 30"" Softside Checked 8 Wheel Lightweight, Red",Best Other Products,"Explore Summer Spots 30"" Softside Checked 8 Wheel Lightweight, Red in the other category on TechPickHub. Discover trending Amazon.com products, shopping deals, buyer favorites and top-rated ecommerce products.",https://aamirsidque.github.io/TechPickHub/other/page1.html,https://m.media-amazon.com/images/I/71-xfjLRfdL._AC_UL320_.jpg,in stock,new,119.13 USD,119.13 USD,TechPickHub,Electronics,https://m.media-amazon.com/images/I/71-xfjLRfdL._AC_UL320_.jpg,adult,other,best-seller,amazon-products,techpickhub,shopping,other,271,unisex
272,"3 Pcs Travel Luggage Cover Washable Suitcase Protector Rhombus Geometry Suitcase Cover Luggage Protector Fits 18-28 Inch Luggage, 3 Sizes (Geometric Style)",Best Pc Products,"Explore 3 Pcs Travel Luggage Cover Washable Suitcase Protector Rhombus Geometry Suitcase Cover Luggage Protector Fits 18-28 Inch Luggage, 3 Sizes (Geometric Style) in the pc category on TechPickHub. Discover trending Amazon.com products, shopping deals, buyer favorites and top-rated ecommerce products.",https://aamirsidque.github.io/TechPickHub/pc/page1.html,https://m.media-amazon.com/images/I/71cyUfKS7ML._AC_UL320_.jpg,in stock,new,22.98 USD,22.98 USD,TechPickHub,Electronics > Computers,https://m.media-amazon.com/images/I/71cyUfKS7ML._AC_UL320_.jpg,adult,pc,best-seller,amazon-products,techpickhub,shopping,pc,272,unisex
273,"Mountain Products Quadro Hardcase 22, Total Black",Best Other Products,"Explore Mountain Products Quadro Hardcase 22, Total Black in the other category on TechPickHub. Discover trending Amazon.com products, shopping deals, buyer favorites and top-rated ecommerce products.",https://aamirsidque.github.io/TechPickHub/other/page1.html,https://m.media-amazon.com/images/I/71G8Qfs+dHL._AC_UL320_.jpg,in stock,new,177.76 USD,177.76 USD,TechPickHub,Electronics,https://m.media-amazon.com/images/I/71G8Qfs+dHL._AC_UL320_.jpg,adult,other,best-seller,amazon-products,techpickhub,shopping,other,273,unisex
274,"Flying Colours Hardside Trolley 4 Wheel Spinner, TSA Lock, Lightweight Suitcase, Men and Women (Blush Pink, 28-Inch Checked-Large)",Best Luggage Products,"Explore Flying Colours Hardside Trolley 4 Wheel Spinner, TSA Lock, Lightweight Suitcase, Men and Women (Blush Pink, 28-Inch Checked-Large) in the luggage category on TechPickHub. Discover trending Amazon.com products, shopping deals, buyer favorites and top-rated ecommerce products.",https://aamirsidque.github.io/TechPickHub/luggage/page2.html,https://m.media-amazon.com/images/I/812eEb5GoTS._AC_UL320_.jpg,in stock,new,345.0 USD,345.0 USD,TechPickHub,Apparel & Accessories > Luggage & Bags,https://m.media-amazon.com/images/I/812eEb5GoTS._AC_UL320_.jpg,adult,luggage,best-seller,amazon-products,techpickhub,shopping,luggage,274,unisex
275,Beckie,Best Other Products,"Explore Beckie in the other category on TechPickHub. Discover trending Amazon.com products, shopping deals, buyer favorites and top-rated ecommerce products.",https://aamirsidque.github.io/TechPickHub/other/page1.html,https://m.media-amazon.com/images/I/71ZHLJQaRBL._AC_UL320_.jpg,in stock,new,145.0 USD,145.0 USD,TechPickHub,Electronics,https://m.media-amazon.com/images/I/71ZHLJQaRBL._AC_UL320_.jpg,adult,other,best-seller,amazon-products,techpickhub,shopping,other,275,unisex
276,28 Inch Checked Luggage Collection - Scratch Resistant (ABS + PC) Hardside Suitcase - Designer Lightweight Bag with 8-Rolling Spinner Wheels (Diamond),Best Pc Products,"Explore 28 Inch Checked Luggage Collection - Scratch Resistant (ABS + PC) Hardside Suitcase - Designer Lightweight Bag with 8-Rolling Spinner Wheels (Diamond) in the pc category on TechPickHub. Discover trending Amazon.com products, shopping deals, buyer favorites and top-rated ecommerce products.",https://aamirsidque.github.io/TechPickHub/pc/page1.html,https://m.media-amazon.com/images/I/812kDfXf1OL._AC_UL320_.jpg,in stock,new,169.99 USD,169.99 USD,TechPickHub,Electronics > Computers,https://m.media-amazon.com/images/I/812kDfXf1OL._AC_UL320_.jpg,adult,pc,best-seller,amazon-products,techpickhub,shopping,pc,276,unisex
277,"Mannikesi 3pcs Clear Luggage Covers Suitcase PVC Cover For Luggage, Waterproof Large Clear Transparent Cover for Luggage Protector Wheeled Suitcase, Dustproof Anti-Scratch, Sizes 20inch 24inch 28inch",Best Pc Products,"Explore Mannikesi 3pcs Clear Luggage Covers Suitcase PVC Cover For Luggage, Waterproof Large Clear Transparent Cover for Luggage Protector Wheeled Suitcase, Dustproof Anti-Scratch, Sizes 20inch 24inch 28inch in the pc category on TechPickHub. Discover trending Amazon.com products, shopping deals, buyer favorites and top-rated ecommerce products.",https://aamirsidque.github.io/TechPickHub/pc/page1.html,https://m.media-amazon.com/images/I/71a0U4OOGpL._AC_UL320_.jpg,in stock,new,27.99 USD,27.99 USD,TechPickHub,Electronics > Computers,https://m.media-amazon.com/images/I/71a0U4OOGpL._AC_UL320_.jpg,adult,pc,best-seller,amazon-products,techpickhub,shopping,pc,277,unisex
278,"Summer Spots 26"" Softside Checked 8 Wheel Lightweight, Red",Best Other Products,"Explore Summer Spots 26"" Softside Checked 8 Wheel Lightweight, Red in the other category on TechPickHub. Discover trending Amazon.com products, shopping deals, buyer favorites and top-rated ecommerce products.",https://aamirsidque.github.io/TechPickHub/other/page1.html,https://m.media-amazon.com/images/I/71rzROZK3FL._AC_UL320_.jpg,in stock,new,68.08 USD,68.08 USD,TechPickHub,Electronics,https://m.media-amazon.com/images/I/71rzROZK3FL._AC_UL320_.jpg,adult,other,best-seller,amazon-products,techpickhub,shopping,other,278,unisex
279,Bellagio 2.0 Spinner Trunk - 30 Inch - Luxury Bags for Women and Men - TSA Approved Luggage - Olive,Best Luggage Products,"Explore Bellagio 2.0 Spinner Trunk - 30 Inch - Luxury Bags for Women and Men - TSA Approved Luggage - Olive in the luggage category on TechPickHub. Discover trending Amazon.com products, shopping deals, buyer favorites and top-rated ecommerce products.",https://aamirsidque.github.io/TechPickHub/luggage/page2.html,https://m.media-amazon.com/images/I/71qSpb41dtL._AC_UL320_.jpg,in stock,new,785.0 USD,785.0 USD,TechPickHub,Apparel & Accessories > Luggage & Bags,https://m.media-amazon.com/images/I/71qSpb41dtL._AC_UL320_.jpg,adult,luggage,best-seller,amazon-products,techpickhub,shopping,luggage,279,unisex
280,3 Pcs Luggage Cover Suitcase Protector Travel Suitcase Cover Anti Scratch Luggage Protector Washable Fits 18-28 Inch Luggage (Black),Best Pc Products,"Explore 3 Pcs Luggage Cover Suitcase Protector Travel Suitcase Cover Anti Scratch Luggage Protector Washable Fits 18-28 Inch Luggage (Black) in the pc category on TechPickHub. Discover trending Amazon.com products, shopping deals, buyer favorites and top-rated ecommerce products.",https://aamirsidque.github.io/TechPickHub/pc/page1.html,https://m.media-amazon.com/images/I/61EreLPY1IL._AC_UL320_.jpg,in stock,new,23.98 USD,23.98 USD,TechPickHub,Electronics > Computers,https://m.media-amazon.com/images/I/61EreLPY1IL._AC_UL320_.jpg,adult,pc,best-seller,amazon-products,techpickhub,shopping,pc,280,unisex
281,Designer Luggage Collection - Expandable 28 Inch Softside Bag - Durable Large Ultra Lightweight Checked Suitcase with 8-Rolling Spinner Wheels (Royal Blue),Best Luggage Products,"Explore Designer Luggage Collection - Expandable 28 Inch Softside Bag - Durable Large Ultra Lightweight Checked Suitcase with 8-Rolling Spinner Wheels (Royal Blue) in the luggage category on TechPickHub. Discover trending Amazon.com products, shopping deals, buyer favorites and top-rated ecommerce products.",https://aamirsidque.github.io/TechPickHub/luggage/page2.html,https://m.media-amazon.com/images/I/817921II2zL._AC_UL320_.jpg,in stock,new,159.99 USD,159.99 USD,TechPickHub,Apparel & Accessories > Luggage & Bags,https://m.media-amazon.com/images/I/817921II2zL._AC_UL320_.jpg,adult,luggage,best-seller,amazon-products,techpickhub,shopping,luggage,281,unisex
282,"Eco Tough 26"" Hardside Checked 8 Wheel Expandable Spinner, Honey Gold",Best Other Products,"Explore Eco Tough 26"" Hardside Checked 8 Wheel Expandable Spinner, Honey Gold in the other category on TechPickHub. Discover trending Amazon.com products, shopping deals, buyer favorites and top-rated ecommerce products.",https://aamirsidque.github.io/TechPickHub/other/page1.html,https://m.media-amazon.com/images/I/61X52QPa1iL._AC_UL320_.jpg,in stock,new,82.79 USD,82.79 USD,TechPickHub,Electronics,https://m.media-amazon.com/images/I/61X52QPa1iL._AC_UL320_.jpg,adult,other,best-seller,amazon-products,techpickhub,shopping,other,282,unisex
283,"Multihole Suitcase Wheel,A Pair A88 Black Luggage Multihole Wheel Universal Suitcase Replacement Outdoor Supplies",Best Luggage Products,"Explore Multihole Suitcase Wheel,A Pair A88 Black Luggage Multihole Wheel Universal Suitcase Replacement Outdoor Supplies in the luggage category on TechPickHub. Discover trending Amazon.com products, shopping deals, buyer favorites and top-rated ecommerce products.",https://aamirsidque.github.io/TechPickHub/luggage/page2.html,https://m.media-amazon.com/images/I/51zWy-BpCAL._AC_UL320_.jpg,in stock,new,18.99 USD,18.99 USD,TechPickHub,Apparel & Accessories > Luggage & Bags,https://m.media-amazon.com/images/I/51zWy-BpCAL._AC_UL320_.jpg,adult,luggage,best-seller,amazon-products,techpickhub,shopping,luggage,283,unisex
284,"Suitcase Spinner Wheels Checked Luggage Hardshell Lightweight Rolling Suitcases PC with Cover & TSA Lock for Business Travel, 26inch, Rock Gray",Best Pc Products,"Explore Suitcase Spinner Wheels Checked Luggage Hardshell Lightweight Rolling Suitcases PC with Cover & TSA Lock for Business Travel, 26inch, Rock Gray in the pc category on TechPickHub. Discover trending Amazon.com products, shopping deals, buyer favorites and top-rated ecommerce products.",https://aamirsidque.github.io/TechPickHub/pc/page1.html,https://m.media-amazon.com/images/I/51-7D+J2OSL._AC_UL320_.jpg,in stock,new,189.99 USD,189.99 USD,TechPickHub,Electronics > Computers,https://m.media-amazon.com/images/I/51-7D+J2OSL._AC_UL320_.jpg,adult,pc,best-seller,amazon-products,techpickhub,shopping,pc,284,unisex
285,"Star Wars Darth Vader 30 Inch Rolling Luggage, Embossed Hardshell Carry On Suitcase with Wheels, Black",Best Luggage Products,"Explore Star Wars Darth Vader 30 Inch Rolling Luggage, Embossed Hardshell Carry On Suitcase with Wheels, Black in the luggage category on TechPickHub. Discover trending Amazon.com products, shopping deals, buyer favorites and top-rated ecommerce products.",https://aamirsidque.github.io/TechPickHub/luggage/page2.html,https://m.media-amazon.com/images/I/71OiF5-mVML._AC_UL320_.jpg,in stock,new,179.99 USD,179.99 USD,TechPickHub,Apparel & Accessories > Luggage & Bags,https://m.media-amazon.com/images/I/71OiF5-mVML._AC_UL320_.jpg,adult,luggage,best-seller,amazon-products,techpickhub,shopping,luggage,285,unisex
286,GIVIMO 3 Pieces Clear Luggage Cover 20/24/28 inch Set PVC Luggage Protector Suitcase Cover Waterproof Transparent Cover for Luggage Tsa Approved,Best Luggage Products,"Explore GIVIMO 3 Pieces Clear Luggage Cover 20/24/28 inch Set PVC Luggage Protector Suitcase Cover Waterproof Transparent Cover for Luggage Tsa Approved in the luggage category on TechPickHub. Discover trending Amazon.com products, shopping deals, buyer favorites and top-rated ecommerce products.",https://aamirsidque.github.io/TechPickHub/luggage/page2.html,https://m.media-amazon.com/images/I/712i8JGLa-L._AC_UL320_.jpg,in stock,new,21.99 USD,21.99 USD,TechPickHub,Apparel & Accessories > Luggage & Bags,https://m.media-amazon.com/images/I/712i8JGLa-L._AC_UL320_.jpg,adult,luggage,best-seller,amazon-products,techpickhub,shopping,luggage,286,unisex
287,"Straight to Heart Hardside Luggage with Double Spinner Wheels, Quiet, TSA Lock Suitcase, 24-Inch, Gray Green",Best Luggage Products,"Explore Straight to Heart Hardside Luggage with Double Spinner Wheels, Quiet, TSA Lock Suitcase, 24-Inch, Gray Green in the luggage category on TechPickHub. Discover trending Amazon.com products, shopping deals, buyer favorites and top-rated ecommerce products.",https://aamirsidque.github.io/TechPickHub/luggage/page2.html,https://m.media-amazon.com/images/I/61FojwfvUmL._AC_UL320_.jpg,in stock,new,369.99 USD,369.99 USD,TechPickHub,Apparel & Accessories > Luggage & Bags,https://m.media-amazon.com/images/I/61FojwfvUmL._AC_UL320_.jpg,adult,luggage,best-seller,amazon-products,techpickhub,shopping,luggage,287,unisex
288,Fitness 45L Duffel,Best Other Products,"Explore Fitness 45L Duffel in the other category on TechPickHub. Discover trending Amazon.com products, shopping deals, buyer favorites and top-rated ecommerce products.",https://aamirsidque.github.io/TechPickHub/other/page1.html,https://m.media-amazon.com/images/I/71eU8CZjm-L._AC_UL320_.jpg,in stock,new,148.92 USD,148.92 USD,TechPickHub,Electronics,https://m.media-amazon.com/images/I/71eU8CZjm-L._AC_UL320_.jpg,adult,other,best-seller,amazon-products,techpickhub,shopping,other,288,unisex
289,"Aluminum Frame Hardside Luggage, Checked-large Suitcase with TSA Lock + Double-wheeled Spinners, Stand with hook, 29 inch, White Carbon, 5122-67-WHCB",Best Luggage Products,"Explore Aluminum Frame Hardside Luggage, Checked-large Suitcase with TSA Lock + Double-wheeled Spinners, Stand with hook, 29 inch, White Carbon, 5122-67-WHCB in the luggage category on TechPickHub. Discover trending Amazon.com products, shopping deals, buyer favorites and top-rated ecommerce products.",https://aamirsidque.github.io/TechPickHub/luggage/page2.html,https://m.media-amazon.com/images/I/61kkZUIDwQL._AC_UL320_.jpg,in stock,new,249.0 USD,249.0 USD,TechPickHub,Apparel & Accessories > Luggage & Bags,https://m.media-amazon.com/images/I/61kkZUIDwQL._AC_UL320_.jpg,adult,luggage,best-seller,amazon-products,techpickhub,shopping,luggage,289,unisex
290,"Luggage 24"" Expandable Design Pattern Suitcase With Spinner Wheels For Woman (24in, Totally Paw Some)",Best Luggage Products,"Explore Luggage 24"" Expandable Design Pattern Suitcase With Spinner Wheels For Woman (24in, Totally Paw Some) in the luggage category on TechPickHub. Discover trending Amazon.com products, shopping deals, buyer favorites and top-rated ecommerce products.",https://aamirsidque.github.io/TechPickHub/luggage/page2.html,https://m.media-amazon.com/images/I/91GiVqyixKL._AC_UL320_.jpg,in stock,new,149.99 USD,149.99 USD,TechPickHub,Apparel & Accessories > Luggage & Bags,https://m.media-amazon.com/images/I/91GiVqyixKL._AC_UL320_.jpg,adult,luggage,best-seller,amazon-products,techpickhub,shopping,luggage,290,unisex
291,X-Bag Large Spinner with Frame - 25 Inch - Suitcases with Wheels - Checked Luggage - Olive,Best Luggage Products,"Explore X-Bag Large Spinner with Frame - 25 Inch - Suitcases with Wheels - Checked Luggage - Olive in the luggage category on TechPickHub. Discover trending Amazon.com products, shopping deals, buyer favorites and top-rated ecommerce products.",https://aamirsidque.github.io/TechPickHub/luggage/page2.html,https://m.media-amazon.com/images/I/41kGYwDhMYL._AC_UL320_.jpg,in stock,new,320.0 USD,320.0 USD,TechPickHub,Apparel & Accessories > Luggage & Bags,https://m.media-amazon.com/images/I/41kGYwDhMYL._AC_UL320_.jpg,adult,luggage,best-seller,amazon-products,techpickhub,shopping,luggage,291,unisex
292,"MININOVA Travel Luggage Cover Suitcase Protector Fits 27-30 Inch Luggage, Journey L, MVLC0103",Best Luggage Products,"Explore MININOVA Travel Luggage Cover Suitcase Protector Fits 27-30 Inch Luggage, Journey L, MVLC0103 in the luggage category on TechPickHub. Discover trending Amazon.com products, shopping deals, buyer favorites and top-rated ecommerce products.",https://aamirsidque.github.io/TechPickHub/luggage/page2.html,https://m.media-amazon.com/images/I/61Y9jUMNaZL._AC_UL320_.jpg,in stock,new,14.99 USD,14.99 USD,TechPickHub,Apparel & Accessories > Luggage & Bags,https://m.media-amazon.com/images/I/61Y9jUMNaZL._AC_UL320_.jpg,adult,luggage,best-seller,amazon-products,techpickhub,shopping,luggage,292,unisex
293,"Christine Hardside Expandable Luggage with Spinner Wheels, White with Teal Trim, Checked-Medium 24 Inch",Best Luggage Products,"Explore Christine Hardside Expandable Luggage with Spinner Wheels, White with Teal Trim, Checked-Medium 24 Inch in the luggage category on TechPickHub. Discover trending Amazon.com products, shopping deals, buyer favorites and top-rated ecommerce products.",https://aamirsidque.github.io/TechPickHub/luggage/page2.html,https://m.media-amazon.com/images/I/61FZZB9y3TL._AC_UL320_.jpg,in stock,new,149.99 USD,149.99 USD,TechPickHub,Apparel & Accessories > Luggage & Bags,https://m.media-amazon.com/images/I/61FZZB9y3TL._AC_UL320_.jpg,adult,luggage,best-seller,amazon-products,techpickhub,shopping,luggage,293,unisex
294,"Luggage Suitcase with Spinner Wheels, 24'' Checked Travel Luggage Aluminum Frame PC Hardside with TSA Lock & Cover-Blackish Green",Best Pc Products,"Explore Luggage Suitcase with Spinner Wheels, 24'' Checked Travel Luggage Aluminum Frame PC Hardside with TSA Lock & Cover-Blackish Green in the pc category on TechPickHub. Discover trending Amazon.com products, shopping deals, buyer favorites and top-rated ecommerce products.",https://aamirsidque.github.io/TechPickHub/pc/page1.html,https://m.media-amazon.com/images/I/51AwXr2Nv3L._AC_UL320_.jpg,in stock,new,199.99 USD,199.99 USD,TechPickHub,Electronics > Computers,https://m.media-amazon.com/images/I/51AwXr2Nv3L._AC_UL320_.jpg,adult,pc,best-seller,amazon-products,techpickhub,shopping,pc,294,unisex
295,"BALANCE Hardside Luggage with Double Spinner Wheels, Quiet, TSA Lock Suitcase, 24-Inch, Blue",Best Luggage Products,"Explore BALANCE Hardside Luggage with Double Spinner Wheels, Quiet, TSA Lock Suitcase, 24-Inch, Blue in the luggage category on TechPickHub. Discover trending Amazon.com products, shopping deals, buyer favorites and top-rated ecommerce products.",https://aamirsidque.github.io/TechPickHub/luggage/page2.html,https://m.media-amazon.com/images/I/51Y4KwjpdmS._AC_UL320_.jpg,in stock,new,329.99 USD,329.99 USD,TechPickHub,Apparel & Accessories > Luggage & Bags,https://m.media-amazon.com/images/I/51Y4KwjpdmS._AC_UL320_.jpg,adult,luggage,best-seller,amazon-products,techpickhub,shopping,luggage,295,unisex
296,"Lineate DLX Softside Expandable Luggage with Spinner Wheels, Merlot",Best Luggage Products,"Explore Lineate DLX Softside Expandable Luggage with Spinner Wheels, Merlot in the luggage category on TechPickHub. Discover trending Amazon.com products, shopping deals, buyer favorites and top-rated ecommerce products.",https://aamirsidque.github.io/TechPickHub/luggage/page2.html,https://m.media-amazon.com/images/I/81t7Cz0oo-L._AC_UL320_.jpg,in stock,new,241.4 USD,241.4 USD,TechPickHub,Apparel & Accessories > Luggage & Bags,https://m.media-amazon.com/images/I/81t7Cz0oo-L._AC_UL320_.jpg,adult,luggage,best-seller,amazon-products,techpickhub,shopping,luggage,296,unisex
297,"Spinner 75, Red (Crimson Red), cm-102 L",Best Other Products,"Explore Spinner 75, Red (Crimson Red), cm-102 L in the other category on TechPickHub. Discover trending Amazon.com products, shopping deals, buyer favorites and top-rated ecommerce products.",https://aamirsidque.github.io/TechPickHub/other/page1.html,https://m.media-amazon.com/images/I/81GJPTWcipL._AC_UL320_.jpg,in stock,new,292.24 USD,292.24 USD,TechPickHub,Electronics,https://m.media-amazon.com/images/I/81GJPTWcipL._AC_UL320_.jpg,adult,other,best-seller,amazon-products,techpickhub,shopping,other,297,unisex
298,"Luggage Suitcase, 24 Inch Checked Luggage Hard Shell Suitcases with wheels Large Suitcase TSA Luggage Lightweight PC Hardside Spinner Luggage for Women Men(Grey)",Best Pc Products,"Explore Luggage Suitcase, 24 Inch Checked Luggage Hard Shell Suitcases with wheels Large Suitcase TSA Luggage Lightweight PC Hardside Spinner Luggage for Women Men(Grey) in the pc category on TechPickHub. Discover trending Amazon.com products, shopping deals, buyer favorites and top-rated ecommerce products.",https://aamirsidque.github.io/TechPickHub/pc/page1.html,https://m.media-amazon.com/images/I/61TL4ky9pNL._AC_UL320_.jpg,in stock,new,159.99 USD,159.99 USD,TechPickHub,Electronics > Computers,https://m.media-amazon.com/images/I/61TL4ky9pNL._AC_UL320_.jpg,adult,pc,best-seller,amazon-products,techpickhub,shopping,pc,298,unisex
299,"Lykke 28"" Softside Checked 8 Wheel Spinner, Black",Best Other Products,"Explore Lykke 28"" Softside Checked 8 Wheel Spinner, Black in the other category on TechPickHub. Discover trending Amazon.com products, shopping deals, buyer favorites and top-rated ecommerce products.",https://aamirsidque.github.io/TechPickHub/other/page1.html,https://m.media-amazon.com/images/I/71LQDYqfOvL._AC_UL320_.jpg,in stock,new,109.99 USD,109.99 USD,TechPickHub,Electronics,https://m.media-amazon.com/images/I/71LQDYqfOvL._AC_UL320_.jpg,adult,other,best-seller,amazon-products,techpickhub,shopping,other,299,unisex
300,Carry On Luggage with Spinner Wheels 20in Lightweight Suitcase Built in TSA Aluminum Frame PC Hardside Rolling Suitcases Travel Case (Titanium Gold),Best Pc Products,"Explore Carry On Luggage with Spinner Wheels 20in Lightweight Suitcase Built in TSA Aluminum Frame PC Hardside Rolling Suitcases Travel Case (Titanium Gold) in the pc category on TechPickHub. Discover trending Amazon.com products, shopping deals, buyer favorites and top-rated ecommerce products.",https://aamirsidque.github.io/TechPickHub/pc/page1.html,https://m.media-amazon.com/images/I/612k3GLgwYL._AC_UL320_.jpg,in stock,new,129.99 USD,129.99 USD,TechPickHub,Electronics > Computers,https://m.media-amazon.com/images/I/612k3GLgwYL._AC_UL320_.jpg,adult,pc,best-seller,amazon-products,techpickhub,shopping,pc,300,unisex
301,"Thickened Luggage Cover ，Washable Travel Gear Cover，18/24/28/32 Inch Suitcase Spandex Protective Cover (L(25""-28"" luggage), Starry Night)",Best Luggage Products,"Explore Thickened Luggage Cover ，Washable Travel Gear Cover，18/24/28/32 Inch Suitcase Spandex Protective Cover (L(25""-28"" luggage), Starry Night) in the luggage category on TechPickHub. Discover trending Amazon.com products, shopping deals, buyer favorites and top-rated ecommerce products.",https://aamirsidque.github.io/TechPickHub/luggage/page2.html,https://m.media-amazon.com/images/I/716CeDC0WWL._AC_UL320_.jpg,in stock,new,19.88 USD,19.88 USD,TechPickHub,Apparel & Accessories > Luggage & Bags,https://m.media-amazon.com/images/I/716CeDC0WWL._AC_UL320_.jpg,adult,luggage,best-seller,amazon-products,techpickhub,shopping,luggage,301,unisex
302,Luggage Protector Covers Suitcase Cover Protector PVC Luggage Case Luggage Covers (28''(25.19''H x 19.68''L x 11.41''W)),Best Luggage Products,"Explore Luggage Protector Covers Suitcase Cover Protector PVC Luggage Case Luggage Covers (28''(25.19''H x 19.68''L x 11.41''W)) in the luggage category on TechPickHub. Discover trending Amazon.com products, shopping deals, buyer favorites and top-rated ecommerce products.",https://aamirsidque.github.io/TechPickHub/luggage/page2.html,https://m.media-amazon.com/images/I/51bv5VKfaRS._AC_UL320_.jpg,in stock,new,17.99 USD,17.99 USD,TechPickHub,Apparel & Accessories > Luggage & Bags,https://m.media-amazon.com/images/I/51bv5VKfaRS._AC_UL320_.jpg,adult,luggage,best-seller,amazon-products,techpickhub,shopping,luggage,302,unisex
303,"Designer Luggage - Checked Large 28 Inch Softside Suitcase - Expandable for Extra Packing Capacity - Lightweight Bag with Rolling Spinner Wheels (Noble Black/Grey, 28in)",Best Luggage Products,"Explore Designer Luggage - Checked Large 28 Inch Softside Suitcase - Expandable for Extra Packing Capacity - Lightweight Bag with Rolling Spinner Wheels (Noble Black/Grey, 28in) in the luggage category on TechPickHub. Discover trending Amazon.com products, shopping deals, buyer favorites and top-rated ecommerce products.",https://aamirsidque.github.io/TechPickHub/luggage/page2.html,https://m.media-amazon.com/images/I/61D-NXLAXuL._AC_UL320_.jpg,in stock,new,149.99 USD,149.99 USD,TechPickHub,Apparel & Accessories > Luggage & Bags,https://m.media-amazon.com/images/I/61D-NXLAXuL._AC_UL320_.jpg,adult,luggage,best-seller,amazon-products,techpickhub,shopping,luggage,303,unisex
304,"Luggage 3 Piece Set Suitcase Lightweight Hardside Removable-Spinner Wheels with TSA Lock(20',24',28')_Black, 828",Best Luggage Products,"Explore Luggage 3 Piece Set Suitcase Lightweight Hardside Removable-Spinner Wheels with TSA Lock(20',24',28')_Black, 828 in the luggage category on TechPickHub. Discover trending Amazon.com products, shopping deals, buyer favorites and top-rated ecommerce products.",https://aamirsidque.github.io/TechPickHub/luggage/page2.html,https://m.media-amazon.com/images/I/71a4NwDvJuL._AC_UL320_.jpg,in stock,new,87.99 USD,87.99 USD,TechPickHub,Apparel & Accessories > Luggage & Bags,https://m.media-amazon.com/images/I/71a4NwDvJuL._AC_UL320_.jpg,adult,luggage,best-seller,amazon-products,techpickhub,shopping,luggage,304,unisex
305,Luggage Cover Clear PVC Suitcase Covers Luggage Cover Protectors for Wheeled Suitcase (20/24/28 inch),Best Luggage Products,"Explore Luggage Cover Clear PVC Suitcase Covers Luggage Cover Protectors for Wheeled Suitcase (20/24/28 inch) in the luggage category on TechPickHub. Discover trending Amazon.com products, shopping deals, buyer favorites and top-rated ecommerce products.",https://aamirsidque.github.io/TechPickHub/luggage/page2.html,https://m.media-amazon.com/images/I/61EJPiHrwdL._AC_UL320_.jpg,in stock,new,28.99 USD,28.99 USD,TechPickHub,Apparel & Accessories > Luggage & Bags,https://m.media-amazon.com/images/I/61EJPiHrwdL._AC_UL320_.jpg,adult,luggage,best-seller,amazon-products,techpickhub,shopping,luggage,305,unisex
306,"3 Pcs Red Lips Travel Luggage Cover Anti Scratch Dirt Washable Suitcase Protector Elastic Luggage Sleeve with Zipper, Fits 18-28 Inches",Best Pc Products,"Explore 3 Pcs Red Lips Travel Luggage Cover Anti Scratch Dirt Washable Suitcase Protector Elastic Luggage Sleeve with Zipper, Fits 18-28 Inches in the pc category on TechPickHub. Discover trending Amazon.com products, shopping deals, buyer favorites and top-rated ecommerce products.",https://aamirsidque.github.io/TechPickHub/pc/page1.html,https://m.media-amazon.com/images/I/71FudW7mhGL._AC_UL320_.jpg,in stock,new,28.99 USD,28.99 USD,TechPickHub,Electronics > Computers,https://m.media-amazon.com/images/I/71FudW7mhGL._AC_UL320_.jpg,adult,pc,best-seller,amazon-products,techpickhub,shopping,pc,306,unisex
307,"Legion 32"" Hardside Checked 8 Wheel Expandable Spinner, Oxford Tan",Best Other Products,"Explore Legion 32"" Hardside Checked 8 Wheel Expandable Spinner, Oxford Tan in the other category on TechPickHub. Discover trending Amazon.com products, shopping deals, buyer favorites and top-rated ecommerce products.",https://aamirsidque.github.io/TechPickHub/other/page1.html,https://m.media-amazon.com/images/I/81jhOlaxN-L._AC_UL320_.jpg,in stock,new,159.97 USD,159.97 USD,TechPickHub,Electronics,https://m.media-amazon.com/images/I/81jhOlaxN-L._AC_UL320_.jpg,adult,other,best-seller,amazon-products,techpickhub,shopping,other,307,unisex
308,Bellagio 2.0 Spinner Trunk - 32 Inch - Luxury Bags for Women and Men - TSA Approved Luggage - Cream,Best Luggage Products,"Explore Bellagio 2.0 Spinner Trunk - 32 Inch - Luxury Bags for Women and Men - TSA Approved Luggage - Cream in the luggage category on TechPickHub. Discover trending Amazon.com products, shopping deals, buyer favorites and top-rated ecommerce products.",https://aamirsidque.github.io/TechPickHub/luggage/page2.html,https://m.media-amazon.com/images/I/612tFchE-RL._AC_UL320_.jpg,in stock,new,830.0 USD,830.0 USD,TechPickHub,Apparel & Accessories > Luggage & Bags,https://m.media-amazon.com/images/I/612tFchE-RL._AC_UL320_.jpg,adult,luggage,best-seller,amazon-products,techpickhub,shopping,luggage,308,unisex
309,"Capri 2.0 30""-Inch Spinner - Expandable Luxury Carry On Luggage With Spinner Wheels - Lightweight Carry On Suitcases with Wheels Made From Durable Polycarbonate - Silver",Best Luggage Products,"Explore Capri 2.0 30""-Inch Spinner - Expandable Luxury Carry On Luggage With Spinner Wheels - Lightweight Carry On Suitcases with Wheels Made From Durable Polycarbonate - Silver in the luggage category on TechPickHub. Discover trending Amazon.com products, shopping deals, buyer favorites and top-rated ecommerce products.",https://aamirsidque.github.io/TechPickHub/luggage/page2.html,https://m.media-amazon.com/images/I/81BxRXAwNyL._AC_UL320_.jpg,in stock,new,530.0 USD,530.0 USD,TechPickHub,Apparel & Accessories > Luggage & Bags,https://m.media-amazon.com/images/I/81BxRXAwNyL._AC_UL320_.jpg,adult,luggage,best-seller,amazon-products,techpickhub,shopping,luggage,309,unisex
310,Video Game Weapon Controller Black White Travel Luggage Cover Baggage Suitcase Protector Fits 18-32 Inch with Zipper Dustproof Washable Elastic for Teen Boys Girls Men Women,Best Luggage Products,"Explore Video Game Weapon Controller Black White Travel Luggage Cover Baggage Suitcase Protector Fits 18-32 Inch with Zipper Dustproof Washable Elastic for Teen Boys Girls Men Women in the luggage category on TechPickHub. Discover trending Amazon.com products, shopping deals, buyer favorites and top-rated ecommerce products.",https://aamirsidque.github.io/TechPickHub/luggage/page3.html,https://m.media-amazon.com/images/I/617GMOmrH7L._AC_UL320_.jpg,in stock,new,27.99 USD,27.99 USD,TechPickHub,Apparel & Accessories > Luggage & Bags,https://m.media-amazon.com/images/I/617GMOmrH7L._AC_UL320_.jpg,adult,luggage,best-seller,amazon-products,techpickhub,shopping,luggage,310,unisex
311,"Momentous 30"" Hardside Checked 8 Wheel Expandable Spinner, German Red",Best Other Products,"Explore Momentous 30"" Hardside Checked 8 Wheel Expandable Spinner, German Red in the other category on TechPickHub. Discover trending Amazon.com products, shopping deals, buyer favorites and top-rated ecommerce products.",https://aamirsidque.github.io/TechPickHub/other/page1.html,https://m.media-amazon.com/images/I/61dsFBFMaQL._AC_UL320_.jpg,in stock,new,149.57 USD,149.57 USD,TechPickHub,Electronics,https://m.media-amazon.com/images/I/61dsFBFMaQL._AC_UL320_.jpg,adult,other,best-seller,amazon-products,techpickhub,shopping,other,311,unisex
312,"CORE Aluminum Hardside Luggage with Double Spinner Wheels, Quiet, TSA Lock Suitcase, 26-Inch, Silver",Best Luggage Products,"Explore CORE Aluminum Hardside Luggage with Double Spinner Wheels, Quiet, TSA Lock Suitcase, 26-Inch, Silver in the luggage category on TechPickHub. Discover trending Amazon.com products, shopping deals, buyer favorites and top-rated ecommerce products.",https://aamirsidque.github.io/TechPickHub/luggage/page3.html,https://m.media-amazon.com/images/I/61QIQy1v8bL._AC_UL320_.jpg,in stock,new,799.99 USD,799.99 USD,TechPickHub,Apparel & Accessories > Luggage & Bags,https://m.media-amazon.com/images/I/61QIQy1v8bL._AC_UL320_.jpg,adult,luggage,best-seller,amazon-products,techpickhub,shopping,luggage,312,unisex
313,"Intrepid 27"" Softside Checked 8 Wheel Expandable Spinner with TSA Lock, Dark Red",Best Other Products,"Explore Intrepid 27"" Softside Checked 8 Wheel Expandable Spinner with TSA Lock, Dark Red in the other category on TechPickHub. Discover trending Amazon.com products, shopping deals, buyer favorites and top-rated ecommerce products.",https://aamirsidque.github.io/TechPickHub/other/page1.html,https://m.media-amazon.com/images/I/712h0Hgf3DL._AC_UL320_.jpg,in stock,new,107.46 USD,107.46 USD,TechPickHub,Electronics,https://m.media-amazon.com/images/I/712h0Hgf3DL._AC_UL320_.jpg,adult,other,best-seller,amazon-products,techpickhub,shopping,other,313,unisex
314,"Dana Point Hardside Expandable Luggage, Lavender, 3-Piece Set",Best Luggage Products,"Explore Dana Point Hardside Expandable Luggage, Lavender, 3-Piece Set in the luggage category on TechPickHub. Discover trending Amazon.com products, shopping deals, buyer favorites and top-rated ecommerce products.",https://aamirsidque.github.io/TechPickHub/luggage/page3.html,https://m.media-amazon.com/images/I/819QhSgSK9L._AC_UL320_.jpg,in stock,new,220.93 USD,220.93 USD,TechPickHub,Apparel & Accessories > Luggage & Bags,https://m.media-amazon.com/images/I/819QhSgSK9L._AC_UL320_.jpg,adult,luggage,best-seller,amazon-products,techpickhub,shopping,luggage,314,unisex
315,"Precursor 32"" Softside Checked 8 Wheel Expandable Spinner, Dress Blues",Best Other Products,"Explore Precursor 32"" Softside Checked 8 Wheel Expandable Spinner, Dress Blues in the other category on TechPickHub. Discover trending Amazon.com products, shopping deals, buyer favorites and top-rated ecommerce products.",https://aamirsidque.github.io/TechPickHub/other/page1.html,https://m.media-amazon.com/images/I/71S9iVwigKL._AC_UL320_.jpg,in stock,new,169.99 USD,169.99 USD,TechPickHub,Electronics,https://m.media-amazon.com/images/I/71S9iVwigKL._AC_UL320_.jpg,adult,other,best-seller,amazon-products,techpickhub,shopping,other,315,unisex
316,Colorful Sunflower Travel Luggage Cover Spandex Elastic Suitcase Protector for 26-29 Inch Luggage,Best Luggage Products,"Explore Colorful Sunflower Travel Luggage Cover Spandex Elastic Suitcase Protector for 26-29 Inch Luggage in the luggage category on TechPickHub. Discover trending Amazon.com products, shopping deals, buyer favorites and top-rated ecommerce products.",https://aamirsidque.github.io/TechPickHub/luggage/page3.html,https://m.media-amazon.com/images/I/610gGoFIbcL._AC_UL320_.jpg,in stock,new,19.96 USD,19.96 USD,TechPickHub,Apparel & Accessories > Luggage & Bags,https://m.media-amazon.com/images/I/610gGoFIbcL._AC_UL320_.jpg,adult,luggage,best-seller,amazon-products,techpickhub,shopping,luggage,316,unisex
317,"Comete 3.0 Hardside Expandable Luggage with Spinner Wheels, Lavender, Checked-Medium, 24 Inch",Best Luggage Products,"Explore Comete 3.0 Hardside Expandable Luggage with Spinner Wheels, Lavender, Checked-Medium, 24 Inch in the luggage category on TechPickHub. Discover trending Amazon.com products, shopping deals, buyer favorites and top-rated ecommerce products.",https://aamirsidque.github.io/TechPickHub/luggage/page3.html,https://m.media-amazon.com/images/I/81Dc1E+rW6L._AC_UL320_.jpg,in stock,new,149.99 USD,149.99 USD,TechPickHub,Apparel & Accessories > Luggage & Bags,https://m.media-amazon.com/images/I/81Dc1E+rW6L._AC_UL320_.jpg,adult,luggage,best-seller,amazon-products,techpickhub,shopping,luggage,317,unisex
318,Carry On Luggage 22x14x9 Airline Approved Spinner Wheels TSA Luggage with Wide Handle Hard Shell Suitcases Lightweight Travel Luggage Women Men(Bamboo Green),Best Luggage Products,"Explore Carry On Luggage 22x14x9 Airline Approved Spinner Wheels TSA Luggage with Wide Handle Hard Shell Suitcases Lightweight Travel Luggage Women Men(Bamboo Green) in the luggage category on TechPickHub. Discover trending Amazon.com products, shopping deals, buyer favorites and top-rated ecommerce products.",https://aamirsidque.github.io/TechPickHub/luggage/page3.html,https://m.media-amazon.com/images/I/61vq1R+XpPL._AC_UL320_.jpg,in stock,new,169.99 USD,169.99 USD,TechPickHub,Apparel & Accessories > Luggage & Bags,https://m.media-amazon.com/images/I/61vq1R+XpPL._AC_UL320_.jpg,adult,luggage,best-seller,amazon-products,techpickhub,shopping,luggage,318,unisex
319,"3 Pcs Luggage Cover Washable Suitcase Protector Luggage Protector Suitcase Cover Anti Scratch Luggage Case Cover Fits 18-28 Inch Luggage, 3 Sizes (Colorful Dot Style)",Best Pc Products,"Explore 3 Pcs Luggage Cover Washable Suitcase Protector Luggage Protector Suitcase Cover Anti Scratch Luggage Case Cover Fits 18-28 Inch Luggage, 3 Sizes (Colorful Dot Style) in the pc category on TechPickHub. Discover trending Amazon.com products, shopping deals, buyer favorites and top-rated ecommerce products.",https://aamirsidque.github.io/TechPickHub/pc/page1.html,https://m.media-amazon.com/images/I/61CJm13sjsL._AC_UL320_.jpg,in stock,new,24.98 USD,24.98 USD,TechPickHub,Electronics > Computers,https://m.media-amazon.com/images/I/61CJm13sjsL._AC_UL320_.jpg,adult,pc,best-seller,amazon-products,techpickhub,shopping,pc,319,unisex
320,"Cambridge Lightweight Luggage Softside Expandable Spinner Wheel Suitcase,Navy,Checked-Medium 29-Inch",Best Luggage Products,"Explore Cambridge Lightweight Luggage Softside Expandable Spinner Wheel Suitcase,Navy,Checked-Medium 29-Inch in the luggage category on TechPickHub. Discover trending Amazon.com products, shopping deals, buyer favorites and top-rated ecommerce products.",https://aamirsidque.github.io/TechPickHub/luggage/page3.html,https://m.media-amazon.com/images/I/61xSaU2HZdL._AC_UL320_.jpg,in stock,new,164.99 USD,164.99 USD,TechPickHub,Apparel & Accessories > Luggage & Bags,https://m.media-amazon.com/images/I/61xSaU2HZdL._AC_UL320_.jpg,adult,luggage,best-seller,amazon-products,techpickhub,shopping,luggage,320,unisex
321,"Spontaneous 27"" Hardside Checked 8 Wheel Expandable Spinner, Baby Glow",Best Other Products,"Explore Spontaneous 27"" Hardside Checked 8 Wheel Expandable Spinner, Baby Glow in the other category on TechPickHub. Discover trending Amazon.com products, shopping deals, buyer favorites and top-rated ecommerce products.",https://aamirsidque.github.io/TechPickHub/other/page1.html,https://m.media-amazon.com/images/I/71LXTz5jYZL._AC_UL320_.jpg,in stock,new,159.99 USD,159.99 USD,TechPickHub,Electronics,https://m.media-amazon.com/images/I/71LXTz5jYZL._AC_UL320_.jpg,adult,other,best-seller,amazon-products,techpickhub,shopping,other,321,unisex
322,"All Aluminum Carry On Luggage With Tsa Locks Fashion Cool Metal Hard Shell Spinner Suitcase, Metal Suitcase(Silver, 21"")",Best Luggage Products,"Explore All Aluminum Carry On Luggage With Tsa Locks Fashion Cool Metal Hard Shell Spinner Suitcase, Metal Suitcase(Silver, 21"") in the luggage category on TechPickHub. Discover trending Amazon.com products, shopping deals, buyer favorites and top-rated ecommerce products.",https://aamirsidque.github.io/TechPickHub/luggage/page3.html,https://m.media-amazon.com/images/I/61HTy0Rm8OL._AC_UL320_.jpg,in stock,new,239.0 USD,239.0 USD,TechPickHub,Apparel & Accessories > Luggage & Bags,https://m.media-amazon.com/images/I/61HTy0Rm8OL._AC_UL320_.jpg,adult,luggage,best-seller,amazon-products,techpickhub,shopping,luggage,322,unisex
323,"Helixian 31"" Hardside Checked 8 Wheel Expandable Spinner, Charcoal Gray",Best Other Products,"Explore Helixian 31"" Hardside Checked 8 Wheel Expandable Spinner, Charcoal Gray in the other category on TechPickHub. Discover trending Amazon.com products, shopping deals, buyer favorites and top-rated ecommerce products.",https://aamirsidque.github.io/TechPickHub/other/page1.html,https://m.media-amazon.com/images/I/61h3dUdDExL._AC_UL320_.jpg,in stock,new,146.82 USD,146.82 USD,TechPickHub,Electronics,https://m.media-amazon.com/images/I/61h3dUdDExL._AC_UL320_.jpg,adult,other,best-seller,amazon-products,techpickhub,shopping,other,323,unisex
324,"Carry On Luggage Hard Shell Travel Trolley 4 Spinner Wheels Lightweight Polypropylene Suitcase with TSA Lock (Carry-On 21-Inch, Orange)",Best Luggage Products,"Explore Carry On Luggage Hard Shell Travel Trolley 4 Spinner Wheels Lightweight Polypropylene Suitcase with TSA Lock (Carry-On 21-Inch, Orange) in the luggage category on TechPickHub. Discover trending Amazon.com products, shopping deals, buyer favorites and top-rated ecommerce products.",https://aamirsidque.github.io/TechPickHub/luggage/page3.html,https://m.media-amazon.com/images/I/51Gy5d3EdoL._AC_UL320_.jpg,in stock,new,89.99 USD,89.99 USD,TechPickHub,Apparel & Accessories > Luggage & Bags,https://m.media-amazon.com/images/I/51Gy5d3EdoL._AC_UL320_.jpg,adult,luggage,best-seller,amazon-products,techpickhub,shopping,luggage,324,unisex
325,"Luggage Wheel,Mute Double Row Wheel Suitcase Luggage Replacement Universal Outdoor Accessories",Best Luggage Products,"Explore Luggage Wheel,Mute Double Row Wheel Suitcase Luggage Replacement Universal Outdoor Accessories in the luggage category on TechPickHub. Discover trending Amazon.com products, shopping deals, buyer favorites and top-rated ecommerce products.",https://aamirsidque.github.io/TechPickHub/luggage/page3.html,https://m.media-amazon.com/images/I/619q04rN1JL._AC_UL320_.jpg,in stock,new,12.99 USD,12.99 USD,TechPickHub,Apparel & Accessories > Luggage & Bags,https://m.media-amazon.com/images/I/619q04rN1JL._AC_UL320_.jpg,adult,luggage,best-seller,amazon-products,techpickhub,shopping,luggage,325,unisex
326,"Gannett 28"" Hardside Checked 8 Wheel Expandable Spinner Luggage, Dark Olive",Best Luggage Products,"Explore Gannett 28"" Hardside Checked 8 Wheel Expandable Spinner Luggage, Dark Olive in the luggage category on TechPickHub. Discover trending Amazon.com products, shopping deals, buyer favorites and top-rated ecommerce products.",https://aamirsidque.github.io/TechPickHub/luggage/page3.html,https://m.media-amazon.com/images/I/71CVgNTSt0L._AC_UL320_.jpg,in stock,new,136.62 USD,136.62 USD,TechPickHub,Apparel & Accessories > Luggage & Bags,https://m.media-amazon.com/images/I/71CVgNTSt0L._AC_UL320_.jpg,adult,luggage,best-seller,amazon-products,techpickhub,shopping,luggage,326,unisex
327,"BESPORTBLE Luggage Swivel Wheels, Suitcase Replacement Wheels Swivel Wheel 4Pcs",Best Pc Products,"Explore BESPORTBLE Luggage Swivel Wheels, Suitcase Replacement Wheels Swivel Wheel 4Pcs in the pc category on TechPickHub. Discover trending Amazon.com products, shopping deals, buyer favorites and top-rated ecommerce products.",https://aamirsidque.github.io/TechPickHub/pc/page1.html,https://m.media-amazon.com/images/I/71E4eOhK9jL._AC_UL320_.jpg,in stock,new,22.99 USD,22.99 USD,TechPickHub,Electronics > Computers,https://m.media-amazon.com/images/I/71E4eOhK9jL._AC_UL320_.jpg,adult,pc,best-seller,amazon-products,techpickhub,shopping,pc,327,unisex
328,"Filament 28"" Softside Checked 8 Wheel Expandable Spinner, Moroccan Blue/Dress Blues",Best Other Products,"Explore Filament 28"" Softside Checked 8 Wheel Expandable Spinner, Moroccan Blue/Dress Blues in the other category on TechPickHub. Discover trending Amazon.com products, shopping deals, buyer favorites and top-rated ecommerce products.",https://aamirsidque.github.io/TechPickHub/other/page1.html,https://m.media-amazon.com/images/I/61uazlzZpFL._AC_UL320_.jpg,in stock,new,119.99 USD,119.99 USD,TechPickHub,Electronics,https://m.media-amazon.com/images/I/61uazlzZpFL._AC_UL320_.jpg,adult,other,best-seller,amazon-products,techpickhub,shopping,other,328,unisex
329,Merge Short Trip Expandable Packing Case Medium Suitcase - Rolling Luggage for Men and Women,Best Luggage Products,"Explore Merge Short Trip Expandable Packing Case Medium Suitcase - Rolling Luggage for Men and Women in the luggage category on TechPickHub. Discover trending Amazon.com products, shopping deals, buyer favorites and top-rated ecommerce products.",https://aamirsidque.github.io/TechPickHub/luggage/page3.html,https://m.media-amazon.com/images/I/81UsxCRqUsL._AC_UL320_.jpg,in stock,new,0.0 USD,0.0 USD,TechPickHub,Apparel & Accessories > Luggage & Bags,https://m.media-amazon.com/images/I/81UsxCRqUsL._AC_UL320_.jpg,adult,luggage,best-seller,amazon-products,techpickhub,shopping,luggage,329,unisex
330,"Simultaneous 31"" Softside Checked 8 Wheel Expandable Spinner, Harbour Blue",Best Other Products,"Explore Simultaneous 31"" Softside Checked 8 Wheel Expandable Spinner, Harbour Blue in the other category on TechPickHub. Discover trending Amazon.com products, shopping deals, buyer favorites and top-rated ecommerce products.",https://aamirsidque.github.io/TechPickHub/other/page1.html,https://m.media-amazon.com/images/I/91nrwDhSWXL._AC_UL320_.jpg,in stock,new,154.99 USD,154.99 USD,TechPickHub,Electronics,https://m.media-amazon.com/images/I/91nrwDhSWXL._AC_UL320_.jpg,adult,other,best-seller,amazon-products,techpickhub,shopping,other,330,unisex
331,"Jupiter 32"" Hardside Checked 8 Wheel Expandable Spinner, White",Best Other Products,"Explore Jupiter 32"" Hardside Checked 8 Wheel Expandable Spinner, White in the other category on TechPickHub. Discover trending Amazon.com products, shopping deals, buyer favorites and top-rated ecommerce products.",https://aamirsidque.github.io/TechPickHub/other/page1.html,https://m.media-amazon.com/images/I/61a6QdX50EL._AC_UL320_.jpg,in stock,new,139.99 USD,139.99 USD,TechPickHub,Electronics,https://m.media-amazon.com/images/I/61a6QdX50EL._AC_UL320_.jpg,adult,other,best-seller,amazon-products,techpickhub,shopping,other,331,unisex
332,4 Pcs Clear PVC Suitcase Cover Protectors 4 Sizes Transparent Travel Luggage Protector Thicken Luggage Cover 18/20/ 24/28 Inches Suitcase Covers for Luggage,Best Pc Products,"Explore 4 Pcs Clear PVC Suitcase Cover Protectors 4 Sizes Transparent Travel Luggage Protector Thicken Luggage Cover 18/20/ 24/28 Inches Suitcase Covers for Luggage in the pc category on TechPickHub. Discover trending Amazon.com products, shopping deals, buyer favorites and top-rated ecommerce products.",https://aamirsidque.github.io/TechPickHub/pc/page1.html,https://m.media-amazon.com/images/I/71nSPAJHpIL._AC_UL320_.jpg,in stock,new,20.99 USD,20.99 USD,TechPickHub,Electronics > Computers,https://m.media-amazon.com/images/I/71nSPAJHpIL._AC_UL320_.jpg,adult,pc,best-seller,amazon-products,techpickhub,shopping,pc,332,unisex
333,"America Astro Iridescent Spinner Luggage (Green, 30"")",Best Luggage Products,"Explore America Astro Iridescent Spinner Luggage (Green, 30"") in the luggage category on TechPickHub. Discover trending Amazon.com products, shopping deals, buyer favorites and top-rated ecommerce products.",https://aamirsidque.github.io/TechPickHub/luggage/page3.html,https://m.media-amazon.com/images/I/71HIrOCiXSL._AC_UL320_.jpg,in stock,new,206.99 USD,206.99 USD,TechPickHub,Apparel & Accessories > Luggage & Bags,https://m.media-amazon.com/images/I/71HIrOCiXSL._AC_UL320_.jpg,adult,luggage,best-seller,amazon-products,techpickhub,shopping,luggage,333,unisex
334,Zoofen Luggage Wheels Replacement Black Suitcase Wheels Replacement Suitcase Caster Wheels with 5 Screw Holes(Z311),Best Luggage Products,"Explore Zoofen Luggage Wheels Replacement Black Suitcase Wheels Replacement Suitcase Caster Wheels with 5 Screw Holes(Z311) in the luggage category on TechPickHub. Discover trending Amazon.com products, shopping deals, buyer favorites and top-rated ecommerce products.",https://aamirsidque.github.io/TechPickHub/luggage/page3.html,https://m.media-amazon.com/images/I/61rDaUD3qJL._AC_UL320_.jpg,in stock,new,21.99 USD,21.99 USD,TechPickHub,Apparel & Accessories > Luggage & Bags,https://m.media-amazon.com/images/I/61rDaUD3qJL._AC_UL320_.jpg,adult,luggage,best-seller,amazon-products,techpickhub,shopping,luggage,334,unisex
335,"Ziplite 5 Hardside Spinner Luggage - 20"" Carryon (Silver Oxide)",Best Luggage Products,"Explore Ziplite 5 Hardside Spinner Luggage - 20"" Carryon (Silver Oxide) in the luggage category on TechPickHub. Discover trending Amazon.com products, shopping deals, buyer favorites and top-rated ecommerce products.",https://aamirsidque.github.io/TechPickHub/luggage/page3.html,https://m.media-amazon.com/images/I/617y-oljnbL._AC_UL320_.jpg,in stock,new,167.99 USD,167.99 USD,TechPickHub,Apparel & Accessories > Luggage & Bags,https://m.media-amazon.com/images/I/617y-oljnbL._AC_UL320_.jpg,adult,luggage,best-seller,amazon-products,techpickhub,shopping,luggage,335,unisex
336,"GinzaTravel Rune series expandable 28inch suitcase,Lightweight Hardside Suitcase With Spinner Wheels TSA Lock,PP material business fashion suitcase (Navy Blue, Checked-Large 28"")",Best Luggage Products,"Explore GinzaTravel Rune series expandable 28inch suitcase,Lightweight Hardside Suitcase With Spinner Wheels TSA Lock,PP material business fashion suitcase (Navy Blue, Checked-Large 28"") in the luggage category on TechPickHub. Discover trending Amazon.com products, shopping deals, buyer favorites and top-rated ecommerce products.",https://aamirsidque.github.io/TechPickHub/luggage/page3.html,https://m.media-amazon.com/images/I/51GdvwqOs8L._AC_UL320_.jpg,in stock,new,99.97 USD,99.97 USD,TechPickHub,Apparel & Accessories > Luggage & Bags,https://m.media-amazon.com/images/I/51GdvwqOs8L._AC_UL320_.jpg,adult,luggage,best-seller,amazon-products,techpickhub,shopping,luggage,336,unisex
337,Anti-scratch ABS Hardside blue luggage 28inch large luggage Lightweight Spinner Suitcase,Best Luggage Products,"Explore Anti-scratch ABS Hardside blue luggage 28inch large luggage Lightweight Spinner Suitcase in the luggage category on TechPickHub. Discover trending Amazon.com products, shopping deals, buyer favorites and top-rated ecommerce products.",https://aamirsidque.github.io/TechPickHub/luggage/page3.html,https://m.media-amazon.com/images/I/61Ph2caRdaL._AC_UL320_.jpg,in stock,new,119.97 USD,119.97 USD,TechPickHub,Apparel & Accessories > Luggage & Bags,https://m.media-amazon.com/images/I/61Ph2caRdaL._AC_UL320_.jpg,adult,luggage,best-seller,amazon-products,techpickhub,shopping,luggage,337,unisex
338,"MaXpace 27"" Softside UltraLight Checked Spinner, Magnet",Best Other Products,"Explore MaXpace 27"" Softside UltraLight Checked Spinner, Magnet in the other category on TechPickHub. Discover trending Amazon.com products, shopping deals, buyer favorites and top-rated ecommerce products.",https://aamirsidque.github.io/TechPickHub/other/page1.html,https://m.media-amazon.com/images/I/91NNd5h5WrL._AC_UL320_.jpg,in stock,new,69.64 USD,69.64 USD,TechPickHub,Electronics,https://m.media-amazon.com/images/I/91NNd5h5WrL._AC_UL320_.jpg,adult,other,best-seller,amazon-products,techpickhub,shopping,other,338,unisex
339,"28 Inch Checked Luggage, Lightweight ABS+PC Hardshell Suitcase with TSA Lock & Spinner Silent Wheels, Large Size with 101L Capacity, Convenient for Trips, Grey",Best Pc Products,"Explore 28 Inch Checked Luggage, Lightweight ABS+PC Hardshell Suitcase with TSA Lock & Spinner Silent Wheels, Large Size with 101L Capacity, Convenient for Trips, Grey in the pc category on TechPickHub. Discover trending Amazon.com products, shopping deals, buyer favorites and top-rated ecommerce products.",https://aamirsidque.github.io/TechPickHub/pc/page1.html,https://m.media-amazon.com/images/I/61v0uFS1syL._AC_UL320_.jpg,in stock,new,159.99 USD,159.99 USD,TechPickHub,Electronics > Computers,https://m.media-amazon.com/images/I/61v0uFS1syL._AC_UL320_.jpg,adult,pc,best-seller,amazon-products,techpickhub,shopping,pc,339,unisex
340,Spandex Luggage Covers Protector Fits 26-28 Inch Luggage Black,Best Luggage Products,"Explore Spandex Luggage Covers Protector Fits 26-28 Inch Luggage Black in the luggage category on TechPickHub. Discover trending Amazon.com products, shopping deals, buyer favorites and top-rated ecommerce products.",https://aamirsidque.github.io/TechPickHub/luggage/page3.html,https://m.media-amazon.com/images/I/51uPayTl68L._AC_UL320_.jpg,in stock,new,15.99 USD,15.99 USD,TechPickHub,Apparel & Accessories > Luggage & Bags,https://m.media-amazon.com/images/I/51uPayTl68L._AC_UL320_.jpg,adult,luggage,best-seller,amazon-products,techpickhub,shopping,luggage,340,unisex
341,Zoofen Couple of Mute Replacement Luggage Suitcase Wheels Multi-Size Swivel Wheels(W045),Best Luggage Products,"Explore Zoofen Couple of Mute Replacement Luggage Suitcase Wheels Multi-Size Swivel Wheels(W045) in the luggage category on TechPickHub. Discover trending Amazon.com products, shopping deals, buyer favorites and top-rated ecommerce products.",https://aamirsidque.github.io/TechPickHub/luggage/page3.html,https://m.media-amazon.com/images/I/51pnLqRJ6hL._AC_UL320_.jpg,in stock,new,19.99 USD,19.99 USD,TechPickHub,Apparel & Accessories > Luggage & Bags,https://m.media-amazon.com/images/I/51pnLqRJ6hL._AC_UL320_.jpg,adult,luggage,best-seller,amazon-products,techpickhub,shopping,luggage,341,unisex
342,X-Bag Large Spinner with Frame - 30 Inch - Suitcases with Wheels - Checked Luggage - Camouflage,Best Luggage Products,"Explore X-Bag Large Spinner with Frame - 30 Inch - Suitcases with Wheels - Checked Luggage - Camouflage in the luggage category on TechPickHub. Discover trending Amazon.com products, shopping deals, buyer favorites and top-rated ecommerce products.",https://aamirsidque.github.io/TechPickHub/luggage/page3.html,https://m.media-amazon.com/images/I/61LDrsz0EvL._AC_UL320_.jpg,in stock,new,262.5 USD,262.5 USD,TechPickHub,Apparel & Accessories > Luggage & Bags,https://m.media-amazon.com/images/I/61LDrsz0EvL._AC_UL320_.jpg,adult,luggage,best-seller,amazon-products,techpickhub,shopping,luggage,342,unisex
343,"New London II Hardside Expandable Spinner Luggage, Navy, Checked-Medium 26-Inch",Best Luggage Products,"Explore New London II Hardside Expandable Spinner Luggage, Navy, Checked-Medium 26-Inch in the luggage category on TechPickHub. Discover trending Amazon.com products, shopping deals, buyer favorites and top-rated ecommerce products.",https://aamirsidque.github.io/TechPickHub/luggage/page3.html,https://m.media-amazon.com/images/I/71GN-EEclML._AC_UL320_.jpg,in stock,new,110.0 USD,110.0 USD,TechPickHub,Apparel & Accessories > Luggage & Bags,https://m.media-amazon.com/images/I/71GN-EEclML._AC_UL320_.jpg,adult,luggage,best-seller,amazon-products,techpickhub,shopping,luggage,343,unisex
344,"Women's Darcey Medium 26-Inch Softside Checked Rolling Luggage, 360 Degree Spinning Wheels, Black Tonal, 26.37''L x 17''H x 10.25''D",Best Luggage Products,"Explore Women's Darcey Medium 26-Inch Softside Checked Rolling Luggage, 360 Degree Spinning Wheels, Black Tonal, 26.37''L x 17''H x 10.25''D in the luggage category on TechPickHub. Discover trending Amazon.com products, shopping deals, buyer favorites and top-rated ecommerce products.",https://aamirsidque.github.io/TechPickHub/luggage/page3.html,https://m.media-amazon.com/images/I/61cu2JiNl3L._AC_UL320_.jpg,in stock,new,226.3 USD,226.3 USD,TechPickHub,Apparel & Accessories > Luggage & Bags,https://m.media-amazon.com/images/I/61cu2JiNl3L._AC_UL320_.jpg,adult,luggage,best-seller,amazon-products,techpickhub,shopping,luggage,344,unisex
345,28 Inch Luggage – Expandable Durable Softside Lightweight Suitcase with 8-Wheel Spinners Large Checked-Size Bag teal,Best Luggage Products,"Explore 28 Inch Luggage – Expandable Durable Softside Lightweight Suitcase with 8-Wheel Spinners Large Checked-Size Bag teal in the luggage category on TechPickHub. Discover trending Amazon.com products, shopping deals, buyer favorites and top-rated ecommerce products.",https://aamirsidque.github.io/TechPickHub/luggage/page3.html,https://m.media-amazon.com/images/I/71RMdBlKqcL._AC_UL320_.jpg,in stock,new,99.99 USD,99.99 USD,TechPickHub,Apparel & Accessories > Luggage & Bags,https://m.media-amazon.com/images/I/71RMdBlKqcL._AC_UL320_.jpg,adult,luggage,best-seller,amazon-products,techpickhub,shopping,luggage,345,unisex
346,"Hemisphere, 26 Inch Travel Soft Side Luggage, Durable Luggage, Suitcases with Wheels, Lightweight Rolling Luggage, Check In Luggage (Teal)",Best Luggage Products,"Explore Hemisphere, 26 Inch Travel Soft Side Luggage, Durable Luggage, Suitcases with Wheels, Lightweight Rolling Luggage, Check In Luggage (Teal) in the luggage category on TechPickHub. Discover trending Amazon.com products, shopping deals, buyer favorites and top-rated ecommerce products.",https://aamirsidque.github.io/TechPickHub/luggage/page3.html,https://m.media-amazon.com/images/I/81VyLzWzcRL._AC_UL320_.jpg,in stock,new,250.73 USD,250.73 USD,TechPickHub,Apparel & Accessories > Luggage & Bags,https://m.media-amazon.com/images/I/81VyLzWzcRL._AC_UL320_.jpg,adult,luggage,best-seller,amazon-products,techpickhub,shopping,luggage,346,unisex
347,"BESPORTBLE Furniture Wheels Luggage Universal Wheel, Suitcase Wheels Spare Wheels Swivel Wheel Suitcase Replacement Swivel Wheel Trolley Case Caster Luggage Accessories 4Pcs Luggage Wheels",Best Pc Products,"Explore BESPORTBLE Furniture Wheels Luggage Universal Wheel, Suitcase Wheels Spare Wheels Swivel Wheel Suitcase Replacement Swivel Wheel Trolley Case Caster Luggage Accessories 4Pcs Luggage Wheels in the pc category on TechPickHub. Discover trending Amazon.com products, shopping deals, buyer favorites and top-rated ecommerce products.",https://aamirsidque.github.io/TechPickHub/pc/page1.html,https://m.media-amazon.com/images/I/51sOW3SXzZL._AC_UL320_.jpg,in stock,new,24.89 USD,24.89 USD,TechPickHub,Electronics > Computers,https://m.media-amazon.com/images/I/51sOW3SXzZL._AC_UL320_.jpg,adult,pc,best-seller,amazon-products,techpickhub,shopping,pc,347,unisex
348,Popular New Transparent Waterproof And Damage Resistant Luggage Cover With Easy Access (30 inches),Best Luggage Products,"Explore Popular New Transparent Waterproof And Damage Resistant Luggage Cover With Easy Access (30 inches) in the luggage category on TechPickHub. Discover trending Amazon.com products, shopping deals, buyer favorites and top-rated ecommerce products.",https://aamirsidque.github.io/TechPickHub/luggage/page3.html,https://m.media-amazon.com/images/I/61kCedpkZsL._AC_UL320_.jpg,in stock,new,54.99 USD,54.99 USD,TechPickHub,Apparel & Accessories > Luggage & Bags,https://m.media-amazon.com/images/I/61kCedpkZsL._AC_UL320_.jpg,adult,luggage,best-seller,amazon-products,techpickhub,shopping,luggage,348,unisex
349,"Clear PVC Luggage Cover Protectors Transparent Travel Luggage Protector for Wheeled Suitcase (No border Thickness 0.3mm, 26inch)",Best Luggage Products,"Explore Clear PVC Luggage Cover Protectors Transparent Travel Luggage Protector for Wheeled Suitcase (No border Thickness 0.3mm, 26inch) in the luggage category on TechPickHub. Discover trending Amazon.com products, shopping deals, buyer favorites and top-rated ecommerce products.",https://aamirsidque.github.io/TechPickHub/luggage/page3.html,https://m.media-amazon.com/images/I/51nLL91qzeL._AC_UL320_.jpg,in stock,new,17.99 USD,17.99 USD,TechPickHub,Apparel & Accessories > Luggage & Bags,https://m.media-amazon.com/images/I/51nLL91qzeL._AC_UL320_.jpg,adult,luggage,best-seller,amazon-products,techpickhub,shopping,luggage,349,unisex
350,"3pcs Luggage Sets Covers+3pcs Adjustable Luggage Straps,Wide Travel Secure Belt PVC Suitcase Covers Luggage Protector Suitcase Cover,Waterproof Luggage Protector,Suitable for 20""/24""/28"" Case",Best Pc Products,"Explore 3pcs Luggage Sets Covers+3pcs Adjustable Luggage Straps,Wide Travel Secure Belt PVC Suitcase Covers Luggage Protector Suitcase Cover,Waterproof Luggage Protector,Suitable for 20""/24""/28"" Case in the pc category on TechPickHub. Discover trending Amazon.com products, shopping deals, buyer favorites and top-rated ecommerce products.",https://aamirsidque.github.io/TechPickHub/pc/page1.html,https://m.media-amazon.com/images/I/71MgGMlRyOL._AC_UL320_.jpg,in stock,new,25.55 USD,25.55 USD,TechPickHub,Electronics > Computers,https://m.media-amazon.com/images/I/71MgGMlRyOL._AC_UL320_.jpg,adult,pc,best-seller,amazon-products,techpickhub,shopping,pc,350,unisex
351,"Pursuit Aluminum Hardside Travel Case (Black, Continental Carry-On)",Best Other Products,"Explore Pursuit Aluminum Hardside Travel Case (Black, Continental Carry-On) in the other category on TechPickHub. Discover trending Amazon.com products, shopping deals, buyer favorites and top-rated ecommerce products.",https://aamirsidque.github.io/TechPickHub/other/page1.html,https://m.media-amazon.com/images/I/51+CcP4GZWL._AC_UL320_.jpg,in stock,new,1095.0 USD,1095.0 USD,TechPickHub,Electronics,https://m.media-amazon.com/images/I/51+CcP4GZWL._AC_UL320_.jpg,adult,other,best-seller,amazon-products,techpickhub,shopping,other,351,unisex
352,"Travel Luggage Cover Suitcase Protector Scratch-Resistant Fit 19-31 Inch Suitcase, Not Included Suitcase (Black, 2XL(30-31inch))",Best Luggage Products,"Explore Travel Luggage Cover Suitcase Protector Scratch-Resistant Fit 19-31 Inch Suitcase, Not Included Suitcase (Black, 2XL(30-31inch)) in the luggage category on TechPickHub. Discover trending Amazon.com products, shopping deals, buyer favorites and top-rated ecommerce products.",https://aamirsidque.github.io/TechPickHub/luggage/page3.html,https://m.media-amazon.com/images/I/51wl2ZD970L._AC_UL320_.jpg,in stock,new,15.99 USD,15.99 USD,TechPickHub,Apparel & Accessories > Luggage & Bags,https://m.media-amazon.com/images/I/51wl2ZD970L._AC_UL320_.jpg,adult,luggage,best-seller,amazon-products,techpickhub,shopping,luggage,352,unisex
353,"Anti-scratch PP Material Hardside Spinner luggage, 28inch Expansion luggage, Wear-resistant, Lightweight Spinner Expandable double seal Suitcase Luggage",Best Luggage Products,"Explore Anti-scratch PP Material Hardside Spinner luggage, 28inch Expansion luggage, Wear-resistant, Lightweight Spinner Expandable double seal Suitcase Luggage in the luggage category on TechPickHub. Discover trending Amazon.com products, shopping deals, buyer favorites and top-rated ecommerce products.",https://aamirsidque.github.io/TechPickHub/luggage/page3.html,https://m.media-amazon.com/images/I/61s+cm+G-SL._AC_UL320_.jpg,in stock,new,149.97 USD,149.97 USD,TechPickHub,Apparel & Accessories > Luggage & Bags,https://m.media-amazon.com/images/I/61s+cm+G-SL._AC_UL320_.jpg,adult,luggage,best-seller,amazon-products,techpickhub,shopping,luggage,353,unisex
354,"Accuracy 28"" Softside Checked 8 Wheel Spinner, Grey Skin",Best Other Products,"Explore Accuracy 28"" Softside Checked 8 Wheel Spinner, Grey Skin in the other category on TechPickHub. Discover trending Amazon.com products, shopping deals, buyer favorites and top-rated ecommerce products.",https://aamirsidque.github.io/TechPickHub/other/page1.html,https://m.media-amazon.com/images/I/61VUgPJBefL._AC_UL320_.jpg,in stock,new,121.54 USD,121.54 USD,TechPickHub,Electronics,https://m.media-amazon.com/images/I/61VUgPJBefL._AC_UL320_.jpg,adult,other,best-seller,amazon-products,techpickhub,shopping,other,354,unisex
355,"Intervolve 28"" Hardside Checked 8 Wheel Expandable Spinner, Dark Olive",Best Other Products,"Explore Intervolve 28"" Hardside Checked 8 Wheel Expandable Spinner, Dark Olive in the other category on TechPickHub. Discover trending Amazon.com products, shopping deals, buyer favorites and top-rated ecommerce products.",https://aamirsidque.github.io/TechPickHub/other/page1.html,https://m.media-amazon.com/images/I/61TMjB+yiNL._AC_UL320_.jpg,in stock,new,109.99 USD,109.99 USD,TechPickHub,Electronics,https://m.media-amazon.com/images/I/61TMjB+yiNL._AC_UL320_.jpg,adult,other,best-seller,amazon-products,techpickhub,shopping,other,355,unisex
356,3 Pcs Luggage Cover Suitcase Protector Travel Suitcase Cover Anti Scratch Luggage Protector Washable Fits 18-28 Inch Luggage (Navy Blue),Best Pc Products,"Explore 3 Pcs Luggage Cover Suitcase Protector Travel Suitcase Cover Anti Scratch Luggage Protector Washable Fits 18-28 Inch Luggage (Navy Blue) in the pc category on TechPickHub. Discover trending Amazon.com products, shopping deals, buyer favorites and top-rated ecommerce products.",https://aamirsidque.github.io/TechPickHub/pc/page1.html,https://m.media-amazon.com/images/I/612isOpsDzL._AC_UL320_.jpg,in stock,new,23.98 USD,23.98 USD,TechPickHub,Electronics > Computers,https://m.media-amazon.com/images/I/612isOpsDzL._AC_UL320_.jpg,adult,pc,best-seller,amazon-products,techpickhub,shopping,pc,356,unisex
357,"Harbor Spinner Suitcase, Dark Charcoal, Carry-On",Best Luggage Products,"Explore Harbor Spinner Suitcase, Dark Charcoal, Carry-On in the luggage category on TechPickHub. Discover trending Amazon.com products, shopping deals, buyer favorites and top-rated ecommerce products.",https://aamirsidque.github.io/TechPickHub/luggage/page3.html,https://m.media-amazon.com/images/I/81mso3LTKSL._AC_UL320_.jpg,in stock,new,91.29 USD,91.29 USD,TechPickHub,Apparel & Accessories > Luggage & Bags,https://m.media-amazon.com/images/I/81mso3LTKSL._AC_UL320_.jpg,adult,luggage,best-seller,amazon-products,techpickhub,shopping,luggage,357,unisex
358,Women's Softside Rolling Suitcase Luggage,Best Luggage Products,"Explore Women's Softside Rolling Suitcase Luggage in the luggage category on TechPickHub. Discover trending Amazon.com products, shopping deals, buyer favorites and top-rated ecommerce products.",https://aamirsidque.github.io/TechPickHub/luggage/page3.html,https://m.media-amazon.com/images/I/51VNTo1EyIL._AC_UL320_.jpg,in stock,new,247.5 USD,247.5 USD,TechPickHub,Apparel & Accessories > Luggage & Bags,https://m.media-amazon.com/images/I/51VNTo1EyIL._AC_UL320_.jpg,adult,luggage,best-seller,amazon-products,techpickhub,shopping,luggage,358,unisex
359,"Sweetude 8 Pcs Replacement Luggage Wheel Left and Right Suitcase Caster Wheels 360 Degree with Screw Swivel Wheels Suitcase Bag Parts for Travel Box Trolley, Hole Pitch (1.3""/1.69""/1.42""/1.69"")",Best Pc Products,"Explore Sweetude 8 Pcs Replacement Luggage Wheel Left and Right Suitcase Caster Wheels 360 Degree with Screw Swivel Wheels Suitcase Bag Parts for Travel Box Trolley, Hole Pitch (1.3""/1.69""/1.42""/1.69"") in the pc category on TechPickHub. Discover trending Amazon.com products, shopping deals, buyer favorites and top-rated ecommerce products.",https://aamirsidque.github.io/TechPickHub/pc/page1.html,https://m.media-amazon.com/images/I/71B3NsYIYUL._AC_UL320_.jpg,in stock,new,25.99 USD,25.99 USD,TechPickHub,Electronics > Computers,https://m.media-amazon.com/images/I/71B3NsYIYUL._AC_UL320_.jpg,adult,pc,best-seller,amazon-products,techpickhub,shopping,pc,359,unisex
360,"Clear PVC Suitcase Cover Protectors Transparent Luggage Cover Waterproof Wheeled Suitcase Dust Cover Dustproof Travel Luggage Sleeve Protector (30"")",Best Luggage Products,"Explore Clear PVC Suitcase Cover Protectors Transparent Luggage Cover Waterproof Wheeled Suitcase Dust Cover Dustproof Travel Luggage Sleeve Protector (30"") in the luggage category on TechPickHub. Discover trending Amazon.com products, shopping deals, buyer favorites and top-rated ecommerce products.",https://aamirsidque.github.io/TechPickHub/luggage/page3.html,https://m.media-amazon.com/images/I/71n1FcXl99L._AC_UL320_.jpg,in stock,new,15.99 USD,15.99 USD,TechPickHub,Apparel & Accessories > Luggage & Bags,https://m.media-amazon.com/images/I/71n1FcXl99L._AC_UL320_.jpg,adult,luggage,best-seller,amazon-products,techpickhub,shopping,luggage,360,unisex
361,"12 Pcs Clear Luggage Cover Protector PVC Suitcase Cover Waterproof Dustproof Transparent Luggage Protector for Travel Wheeled Suitcase, Black Border (20 Inch, 24 Inch, 28 Inch)",Best Pc Products,"Explore 12 Pcs Clear Luggage Cover Protector PVC Suitcase Cover Waterproof Dustproof Transparent Luggage Protector for Travel Wheeled Suitcase, Black Border (20 Inch, 24 Inch, 28 Inch) in the pc category on TechPickHub. Discover trending Amazon.com products, shopping deals, buyer favorites and top-rated ecommerce products.",https://aamirsidque.github.io/TechPickHub/pc/page1.html,https://m.media-amazon.com/images/I/71SCbJ++kxL._AC_UL320_.jpg,in stock,new,44.99 USD,44.99 USD,TechPickHub,Electronics > Computers,https://m.media-amazon.com/images/I/71SCbJ++kxL._AC_UL320_.jpg,adult,pc,best-seller,amazon-products,techpickhub,shopping,pc,361,unisex
362,"Duffle with 2 Wheels L (79 cm-121.5 L), Black",Best Other Products,"Explore Duffle with 2 Wheels L (79 cm-121.5 L), Black in the other category on TechPickHub. Discover trending Amazon.com products, shopping deals, buyer favorites and top-rated ecommerce products.",https://aamirsidque.github.io/TechPickHub/other/page1.html,https://m.media-amazon.com/images/I/81zaEiEes8L._AC_UL320_.jpg,in stock,new,327.41 USD,327.41 USD,TechPickHub,Electronics,https://m.media-amazon.com/images/I/81zaEiEes8L._AC_UL320_.jpg,adult,other,best-seller,amazon-products,techpickhub,shopping,other,362,unisex
363,"Horoper 1 Pair Luggage Suitcase Wheels, A19 Mute Double Row Trunk Wheels, Luggage Wheel Spare Part Universal Wheel Replacement Luggage Suitcase Wheels for Luggage Suitcase Trolley",Best Luggage Products,"Explore Horoper 1 Pair Luggage Suitcase Wheels, A19 Mute Double Row Trunk Wheels, Luggage Wheel Spare Part Universal Wheel Replacement Luggage Suitcase Wheels for Luggage Suitcase Trolley in the luggage category on TechPickHub. Discover trending Amazon.com products, shopping deals, buyer favorites and top-rated ecommerce products.",https://aamirsidque.github.io/TechPickHub/luggage/page3.html,https://m.media-amazon.com/images/I/71TZD1PYn3L._AC_UL320_.jpg,in stock,new,13.95 USD,13.95 USD,TechPickHub,Apparel & Accessories > Luggage & Bags,https://m.media-amazon.com/images/I/71TZD1PYn3L._AC_UL320_.jpg,adult,luggage,best-seller,amazon-products,techpickhub,shopping,luggage,363,unisex
364,Epic Softside Medium Check-in,Best Other Products,"Explore Epic Softside Medium Check-in in the other category on TechPickHub. Discover trending Amazon.com products, shopping deals, buyer favorites and top-rated ecommerce products.",https://aamirsidque.github.io/TechPickHub/other/page1.html,https://m.media-amazon.com/images/I/81V65gQe88L._AC_UL320_.jpg,in stock,new,99.99 USD,99.99 USD,TechPickHub,Electronics,https://m.media-amazon.com/images/I/81V65gQe88L._AC_UL320_.jpg,adult,other,best-seller,amazon-products,techpickhub,shopping,other,364,unisex
365,New York Luggage Collection - Designer Lightweight Softside Expandable Suitcase- 20 Inch Carry On Bag with 4-Rolling Spinner Wheels (Paige Silver),Best Luggage Products,"Explore New York Luggage Collection - Designer Lightweight Softside Expandable Suitcase- 20 Inch Carry On Bag with 4-Rolling Spinner Wheels (Paige Silver) in the luggage category on TechPickHub. Discover trending Amazon.com products, shopping deals, buyer favorites and top-rated ecommerce products.",https://aamirsidque.github.io/TechPickHub/luggage/page3.html,https://m.media-amazon.com/images/I/81GvxQ8sdkL._AC_UL320_.jpg,in stock,new,119.99 USD,119.99 USD,TechPickHub,Apparel & Accessories > Luggage & Bags,https://m.media-amazon.com/images/I/81GvxQ8sdkL._AC_UL320_.jpg,adult,luggage,best-seller,amazon-products,techpickhub,shopping,luggage,365,unisex
366,"Luggage Crimson 29"" Hardside Check in Spinner, Black, One Size",Best Luggage Products,"Explore Luggage Crimson 29"" Hardside Check in Spinner, Black, One Size in the luggage category on TechPickHub. Discover trending Amazon.com products, shopping deals, buyer favorites and top-rated ecommerce products.",https://aamirsidque.github.io/TechPickHub/luggage/page3.html,https://m.media-amazon.com/images/I/811Uv47XNrL._AC_UL320_.jpg,in stock,new,143.25 USD,143.25 USD,TechPickHub,Apparel & Accessories > Luggage & Bags,https://m.media-amazon.com/images/I/811Uv47XNrL._AC_UL320_.jpg,adult,luggage,best-seller,amazon-products,techpickhub,shopping,luggage,366,unisex
367,"All Aluminum Luggage from Japan with TSA Lock + Double-wheeled Spinners, Checked-medium suitcase, 27 inch, Black, 1510-63-BK",Best Luggage Products,"Explore All Aluminum Luggage from Japan with TSA Lock + Double-wheeled Spinners, Checked-medium suitcase, 27 inch, Black, 1510-63-BK in the luggage category on TechPickHub. Discover trending Amazon.com products, shopping deals, buyer favorites and top-rated ecommerce products.",https://aamirsidque.github.io/TechPickHub/luggage/page3.html,https://m.media-amazon.com/images/I/61wtZQfp9rL._AC_UL320_.jpg,in stock,new,499.0 USD,499.0 USD,TechPickHub,Apparel & Accessories > Luggage & Bags,https://m.media-amazon.com/images/I/61wtZQfp9rL._AC_UL320_.jpg,adult,luggage,best-seller,amazon-products,techpickhub,shopping,luggage,367,unisex
368,Luggage Cover Washable Travel Suitcase Protector Spandex Luggage Cover Fit 22-24 Inch Luggage - - Here we go Travel,Best Luggage Products,"Explore Luggage Cover Washable Travel Suitcase Protector Spandex Luggage Cover Fit 22-24 Inch Luggage - - Here we go Travel in the luggage category on TechPickHub. Discover trending Amazon.com products, shopping deals, buyer favorites and top-rated ecommerce products.",https://aamirsidque.github.io/TechPickHub/luggage/page3.html,https://m.media-amazon.com/images/I/61Q7m0PPDcL._AC_UL320_.jpg,in stock,new,20.99 USD,20.99 USD,TechPickHub,Apparel & Accessories > Luggage & Bags,https://m.media-amazon.com/images/I/61Q7m0PPDcL._AC_UL320_.jpg,adult,luggage,best-seller,amazon-products,techpickhub,shopping,luggage,368,unisex
369,"Split Roller 85L - Cascade Camo, One Size",Best Other Products,"Explore Split Roller 85L - Cascade Camo, One Size in the other category on TechPickHub. Discover trending Amazon.com products, shopping deals, buyer favorites and top-rated ecommerce products.",https://aamirsidque.github.io/TechPickHub/other/page1.html,https://m.media-amazon.com/images/I/817M+8cVJDL._AC_UL320_.jpg,in stock,new,255.0 USD,255.0 USD,TechPickHub,Electronics,https://m.media-amazon.com/images/I/817M+8cVJDL._AC_UL320_.jpg,adult,other,best-seller,amazon-products,techpickhub,shopping,other,369,unisex
370,Blue Butterfly Luggage Covers Apply to 26-30 Inch Travel Suitcase L,Best Luggage Products,"Explore Blue Butterfly Luggage Covers Apply to 26-30 Inch Travel Suitcase L in the luggage category on TechPickHub. Discover trending Amazon.com products, shopping deals, buyer favorites and top-rated ecommerce products.",https://aamirsidque.github.io/TechPickHub/luggage/page3.html,https://m.media-amazon.com/images/I/71PADAjfSRL._AC_UL320_.jpg,in stock,new,17.59 USD,17.59 USD,TechPickHub,Apparel & Accessories > Luggage & Bags,https://m.media-amazon.com/images/I/71PADAjfSRL._AC_UL320_.jpg,adult,luggage,best-seller,amazon-products,techpickhub,shopping,luggage,370,unisex
371,"Delsey Unisex-Adult's Hand Luggage, Black, S (55cm-45 L)",Best Luggage Products,"Explore Delsey Unisex-Adult's Hand Luggage, Black, S (55cm-45 L) in the luggage category on TechPickHub. Discover trending Amazon.com products, shopping deals, buyer favorites and top-rated ecommerce products.",https://aamirsidque.github.io/TechPickHub/luggage/page3.html,https://m.media-amazon.com/images/I/61aC8WOPDrL._AC_UL320_.jpg,in stock,new,218.21 USD,218.21 USD,TechPickHub,Apparel & Accessories > Luggage & Bags,https://m.media-amazon.com/images/I/61aC8WOPDrL._AC_UL320_.jpg,adult,luggage,best-seller,amazon-products,techpickhub,shopping,luggage,371,unisex
372,"Luggage Cover Protector Suitcase Anti Scratch Dirt Covers, Fits 23""-26"" Luggage Irises in the Garden",Best Luggage Products,"Explore Luggage Cover Protector Suitcase Anti Scratch Dirt Covers, Fits 23""-26"" Luggage Irises in the Garden in the luggage category on TechPickHub. Discover trending Amazon.com products, shopping deals, buyer favorites and top-rated ecommerce products.",https://aamirsidque.github.io/TechPickHub/luggage/page3.html,https://m.media-amazon.com/images/I/81Cor70-KJL._AC_UL320_.jpg,in stock,new,15.99 USD,15.99 USD,TechPickHub,Apparel & Accessories > Luggage & Bags,https://m.media-amazon.com/images/I/81Cor70-KJL._AC_UL320_.jpg,adult,luggage,best-seller,amazon-products,techpickhub,shopping,luggage,372,unisex
373,Pack of 2 Single Row Luggage Wheels Replacement Mute Suitcase Wheels for Suitcase Replacement Parts,Best Luggage Products,"Explore Pack of 2 Single Row Luggage Wheels Replacement Mute Suitcase Wheels for Suitcase Replacement Parts in the luggage category on TechPickHub. Discover trending Amazon.com products, shopping deals, buyer favorites and top-rated ecommerce products.",https://aamirsidque.github.io/TechPickHub/luggage/page3.html,https://m.media-amazon.com/images/I/51rWFYSqaKL._AC_UL320_.jpg,in stock,new,21.01 USD,21.01 USD,TechPickHub,Apparel & Accessories > Luggage & Bags,https://m.media-amazon.com/images/I/51rWFYSqaKL._AC_UL320_.jpg,adult,luggage,best-seller,amazon-products,techpickhub,shopping,luggage,373,unisex
374,Luggage Cover 30 Inch Clear PVC Suitcase Cover Protectors for Wheeled Suitcase (30 Inch),Best Luggage Products,"Explore Luggage Cover 30 Inch Clear PVC Suitcase Cover Protectors for Wheeled Suitcase (30 Inch) in the luggage category on TechPickHub. Discover trending Amazon.com products, shopping deals, buyer favorites and top-rated ecommerce products.",https://aamirsidque.github.io/TechPickHub/luggage/page3.html,https://m.media-amazon.com/images/I/71kK9pdzeiL._AC_UL320_.jpg,in stock,new,19.99 USD,19.99 USD,TechPickHub,Apparel & Accessories > Luggage & Bags,https://m.media-amazon.com/images/I/71kK9pdzeiL._AC_UL320_.jpg,adult,luggage,best-seller,amazon-products,techpickhub,shopping,luggage,374,unisex
375,"Unisex Adult's S 41 L, Blue (Midnight Navy), Small (55 cm-41 Litre)",Best Other Products,"Explore Unisex Adult's S 41 L, Blue (Midnight Navy), Small (55 cm-41 Litre) in the other category on TechPickHub. Discover trending Amazon.com products, shopping deals, buyer favorites and top-rated ecommerce products.",https://aamirsidque.github.io/TechPickHub/other/page1.html,https://m.media-amazon.com/images/I/619ReXEQuWL._AC_UL320_.jpg,in stock,new,200.86 USD,200.86 USD,TechPickHub,Electronics,https://m.media-amazon.com/images/I/619ReXEQuWL._AC_UL320_.jpg,adult,other,best-seller,amazon-products,techpickhub,shopping,other,375,unisex
376,"Expandable Softside Luggage Suitcase, Durable 28 Inch Checked Luggage Rolling Travel Suitcase Luggage with Spinner Wheels & TSA Lock(Black)",Best Luggage Products,"Explore Expandable Softside Luggage Suitcase, Durable 28 Inch Checked Luggage Rolling Travel Suitcase Luggage with Spinner Wheels & TSA Lock(Black) in the luggage category on TechPickHub. Discover trending Amazon.com products, shopping deals, buyer favorites and top-rated ecommerce products.",https://aamirsidque.github.io/TechPickHub/luggage/page3.html,https://m.media-amazon.com/images/I/61lu9DDHUgL._AC_UL320_.jpg,in stock,new,179.99 USD,179.99 USD,TechPickHub,Apparel & Accessories > Luggage & Bags,https://m.media-amazon.com/images/I/61lu9DDHUgL._AC_UL320_.jpg,adult,luggage,best-seller,amazon-products,techpickhub,shopping,luggage,376,unisex
377,"Precursor 28"" Softside Checked 8 Wheel Expandable Spinner, Dark Red",Best Other Products,"Explore Precursor 28"" Softside Checked 8 Wheel Expandable Spinner, Dark Red in the other category on TechPickHub. Discover trending Amazon.com products, shopping deals, buyer favorites and top-rated ecommerce products.",https://aamirsidque.github.io/TechPickHub/other/page1.html,https://m.media-amazon.com/images/I/81OwQEU2K9L._AC_UL320_.jpg,in stock,new,119.99 USD,119.99 USD,TechPickHub,Electronics,https://m.media-amazon.com/images/I/81OwQEU2K9L._AC_UL320_.jpg,adult,other,best-seller,amazon-products,techpickhub,shopping,other,377,unisex
378,"Women's Belle Fashion Lightweight Hardshell Spinner Luggage (Black, Checked-Medium 27-Inch)",Best Luggage Products,"Explore Women's Belle Fashion Lightweight Hardshell Spinner Luggage (Black, Checked-Medium 27-Inch) in the luggage category on TechPickHub. Discover trending Amazon.com products, shopping deals, buyer favorites and top-rated ecommerce products.",https://aamirsidque.github.io/TechPickHub/luggage/page3.html,https://m.media-amazon.com/images/I/51f-mln7dtS._AC_UL320_.jpg,in stock,new,395.0 USD,395.0 USD,TechPickHub,Apparel & Accessories > Luggage & Bags,https://m.media-amazon.com/images/I/51f-mln7dtS._AC_UL320_.jpg,adult,luggage,best-seller,amazon-products,techpickhub,shopping,luggage,378,unisex
379,Cozeyat Luggage Cover Dust Proof Suitcase Cover Elastic Luggage Protector Spandex Fits 18-28 Inch for Travel Summer Beach Holiday,Best Luggage Products,"Explore Cozeyat Luggage Cover Dust Proof Suitcase Cover Elastic Luggage Protector Spandex Fits 18-28 Inch for Travel Summer Beach Holiday in the luggage category on TechPickHub. Discover trending Amazon.com products, shopping deals, buyer favorites and top-rated ecommerce products.",https://aamirsidque.github.io/TechPickHub/luggage/page3.html,https://m.media-amazon.com/images/I/61u4HGiK0LL._AC_UL320_.jpg,in stock,new,19.99 USD,19.99 USD,TechPickHub,Apparel & Accessories > Luggage & Bags,https://m.media-amazon.com/images/I/61u4HGiK0LL._AC_UL320_.jpg,adult,luggage,best-seller,amazon-products,techpickhub,shopping,luggage,379,unisex
380,"Delsey Unisex-Adult's Suitcase, Peony, Cabine (55 cm-38 L)",Best Luggage Products,"Explore Delsey Unisex-Adult's Suitcase, Peony, Cabine (55 cm-38 L) in the luggage category on TechPickHub. Discover trending Amazon.com products, shopping deals, buyer favorites and top-rated ecommerce products.",https://aamirsidque.github.io/TechPickHub/luggage/page3.html,https://m.media-amazon.com/images/I/61t63uz+BOL._AC_UL320_.jpg,in stock,new,311.7 USD,311.7 USD,TechPickHub,Apparel & Accessories > Luggage & Bags,https://m.media-amazon.com/images/I/61t63uz+BOL._AC_UL320_.jpg,adult,luggage,best-seller,amazon-products,techpickhub,shopping,luggage,380,unisex
381,"Bromley Softside Expandable Spinner Luggage, Black, Checked-Medium 24-Inch",Best Luggage Products,"Explore Bromley Softside Expandable Spinner Luggage, Black, Checked-Medium 24-Inch in the luggage category on TechPickHub. Discover trending Amazon.com products, shopping deals, buyer favorites and top-rated ecommerce products.",https://aamirsidque.github.io/TechPickHub/luggage/page3.html,https://m.media-amazon.com/images/I/810JyGH9IpL._AC_UL320_.jpg,in stock,new,172.19 USD,172.19 USD,TechPickHub,Apparel & Accessories > Luggage & Bags,https://m.media-amazon.com/images/I/810JyGH9IpL._AC_UL320_.jpg,adult,luggage,best-seller,amazon-products,techpickhub,shopping,luggage,381,unisex
382,"20"" Carry-On Luggage, Lightweight ABS+PC Carrying Suitcase with TSA Lock, Hard Case Luggage with Swivel Wheels (White, 20"" Carry-On)",Best Pc Products,"Explore 20"" Carry-On Luggage, Lightweight ABS+PC Carrying Suitcase with TSA Lock, Hard Case Luggage with Swivel Wheels (White, 20"" Carry-On) in the pc category on TechPickHub. Discover trending Amazon.com products, shopping deals, buyer favorites and top-rated ecommerce products.",https://aamirsidque.github.io/TechPickHub/pc/page1.html,https://m.media-amazon.com/images/I/61KEyHQtnbL._AC_UL320_.jpg,in stock,new,69.99 USD,69.99 USD,TechPickHub,Electronics > Computers,https://m.media-amazon.com/images/I/61KEyHQtnbL._AC_UL320_.jpg,adult,pc,best-seller,amazon-products,techpickhub,shopping,pc,382,unisex
383,Luggage Cover Protector Travel Suitcase Covers Protective Skin for Carry On Baggage Fit 29-32 Inch Luggage,Best Luggage Products,"Explore Luggage Cover Protector Travel Suitcase Covers Protective Skin for Carry On Baggage Fit 29-32 Inch Luggage in the luggage category on TechPickHub. Discover trending Amazon.com products, shopping deals, buyer favorites and top-rated ecommerce products.",https://aamirsidque.github.io/TechPickHub/luggage/page3.html,https://m.media-amazon.com/images/I/61QKzPWCGNL._AC_UL320_.jpg,in stock,new,23.95 USD,23.95 USD,TechPickHub,Apparel & Accessories > Luggage & Bags,https://m.media-amazon.com/images/I/61QKzPWCGNL._AC_UL320_.jpg,adult,luggage,best-seller,amazon-products,techpickhub,shopping,luggage,383,unisex
384,"Spinner 75, Blue (Dark Blue), cm-102 L",Best Other Products,"Explore Spinner 75, Blue (Dark Blue), cm-102 L in the other category on TechPickHub. Discover trending Amazon.com products, shopping deals, buyer favorites and top-rated ecommerce products.",https://aamirsidque.github.io/TechPickHub/other/page1.html,https://m.media-amazon.com/images/I/81vFZniri4L._AC_UL320_.jpg,in stock,new,310.1 USD,310.1 USD,TechPickHub,Electronics,https://m.media-amazon.com/images/I/81vFZniri4L._AC_UL320_.jpg,adult,other,best-seller,amazon-products,techpickhub,shopping,other,384,unisex
385,"Luggage Set, Expandable 3 Piece Luggage Sets, Hard Case Luggage, Lightweight Suitcase with Wheels with TSA Lock YKK Zippers Suitcase Sets (20in/24in/28in) Midnightblue",Best Luggage Products,"Explore Luggage Set, Expandable 3 Piece Luggage Sets, Hard Case Luggage, Lightweight Suitcase with Wheels with TSA Lock YKK Zippers Suitcase Sets (20in/24in/28in) Midnightblue in the luggage category on TechPickHub. Discover trending Amazon.com products, shopping deals, buyer favorites and top-rated ecommerce products.",https://aamirsidque.github.io/TechPickHub/luggage/page3.html,https://m.media-amazon.com/images/I/71mLWhCGjaL._AC_UL320_.jpg,in stock,new,189.99 USD,189.99 USD,TechPickHub,Apparel & Accessories > Luggage & Bags,https://m.media-amazon.com/images/I/71mLWhCGjaL._AC_UL320_.jpg,adult,luggage,best-seller,amazon-products,techpickhub,shopping,luggage,385,unisex
386,"All Aluminum Luggage with TSA Locks Metal Hard Shell Zipperless Spinner Alloy Metal Suitcase (Cool Metallic, 24 Inch)",Best Luggage Products,"Explore All Aluminum Luggage with TSA Locks Metal Hard Shell Zipperless Spinner Alloy Metal Suitcase (Cool Metallic, 24 Inch) in the luggage category on TechPickHub. Discover trending Amazon.com products, shopping deals, buyer favorites and top-rated ecommerce products.",https://aamirsidque.github.io/TechPickHub/luggage/page3.html,https://m.media-amazon.com/images/I/6130NKBBFTL._AC_UL320_.jpg,in stock,new,329.99 USD,329.99 USD,TechPickHub,Apparel & Accessories > Luggage & Bags,https://m.media-amazon.com/images/I/6130NKBBFTL._AC_UL320_.jpg,adult,luggage,best-seller,amazon-products,techpickhub,shopping,luggage,386,unisex
387,Travel Luggage Cover Suitcase Protector Washable Protector Covers Dust and Stratch Resistance,Best Luggage Products,"Explore Travel Luggage Cover Suitcase Protector Washable Protector Covers Dust and Stratch Resistance in the luggage category on TechPickHub. Discover trending Amazon.com products, shopping deals, buyer favorites and top-rated ecommerce products.",https://aamirsidque.github.io/TechPickHub/luggage/page3.html,https://m.media-amazon.com/images/I/71nyRqq0smL._AC_UL320_.jpg,in stock,new,22.49 USD,22.49 USD,TechPickHub,Apparel & Accessories > Luggage & Bags,https://m.media-amazon.com/images/I/71nyRqq0smL._AC_UL320_.jpg,adult,luggage,best-seller,amazon-products,techpickhub,shopping,luggage,387,unisex
388,"4-Wheel Spinner Travel Luggage, 2-Piece Set (20"" & 28""), Naval",Best Luggage Products,"Explore 4-Wheel Spinner Travel Luggage, 2-Piece Set (20"" & 28""), Naval in the luggage category on TechPickHub. Discover trending Amazon.com products, shopping deals, buyer favorites and top-rated ecommerce products.",https://aamirsidque.github.io/TechPickHub/luggage/page3.html,https://m.media-amazon.com/images/I/71Se4Ygi3RL._AC_UL320_.jpg,in stock,new,199.99 USD,199.99 USD,TechPickHub,Apparel & Accessories > Luggage & Bags,https://m.media-amazon.com/images/I/71Se4Ygi3RL._AC_UL320_.jpg,adult,luggage,best-seller,amazon-products,techpickhub,shopping,luggage,388,unisex
389,Travel Suitcase Protector African American Woman Elastic Protective Washable Luggage Cover With Concealed Zipper Suitable For 18-32 Inch 【L (for 25-28 inch luggage)】,Best Luggage Products,"Explore Travel Suitcase Protector African American Woman Elastic Protective Washable Luggage Cover With Concealed Zipper Suitable For 18-32 Inch 【L (for 25-28 inch luggage)】 in the luggage category on TechPickHub. Discover trending Amazon.com products, shopping deals, buyer favorites and top-rated ecommerce products.",https://aamirsidque.github.io/TechPickHub/luggage/page3.html,https://m.media-amazon.com/images/I/71QSPDVM6ML._AC_UL320_.jpg,in stock,new,22.99 USD,22.99 USD,TechPickHub,Apparel & Accessories > Luggage & Bags,https://m.media-amazon.com/images/I/71QSPDVM6ML._AC_UL320_.jpg,adult,luggage,best-seller,amazon-products,techpickhub,shopping,luggage,389,unisex
390,"Northbridge 28"" Expandable Hardside Spinner Midnight, 28 Inch",Best Other Products,"Explore Northbridge 28"" Expandable Hardside Spinner Midnight, 28 Inch in the other category on TechPickHub. Discover trending Amazon.com products, shopping deals, buyer favorites and top-rated ecommerce products.",https://aamirsidque.github.io/TechPickHub/other/page1.html,https://m.media-amazon.com/images/I/91CJNRJgbsL._AC_UL320_.jpg,in stock,new,140.29 USD,140.29 USD,TechPickHub,Electronics,https://m.media-amazon.com/images/I/91CJNRJgbsL._AC_UL320_.jpg,adult,other,best-seller,amazon-products,techpickhub,shopping,other,390,unisex
391,Suitcase Cover Luggage Protector Covers Clear Luggage Cover PVC Suitcase Luggage Cover Waterproof Luggage Case Thicken Suitcase Protector Cover (30inch),Best Luggage Products,"Explore Suitcase Cover Luggage Protector Covers Clear Luggage Cover PVC Suitcase Luggage Cover Waterproof Luggage Case Thicken Suitcase Protector Cover (30inch) in the luggage category on TechPickHub. Discover trending Amazon.com products, shopping deals, buyer favorites and top-rated ecommerce products.",https://aamirsidque.github.io/TechPickHub/luggage/page3.html,https://m.media-amazon.com/images/I/51-uzgiYsrL._AC_UL320_.jpg,in stock,new,16.49 USD,16.49 USD,TechPickHub,Apparel & Accessories > Luggage & Bags,https://m.media-amazon.com/images/I/51-uzgiYsrL._AC_UL320_.jpg,adult,luggage,best-seller,amazon-products,techpickhub,shopping,luggage,391,unisex
392,"Replacement Luggage Wheels, 2 Pcs Durable Suitcase Wheels Swivel Luggage Mute Wheel with Screw for Repair Replacement",Best Pc Products,"Explore Replacement Luggage Wheels, 2 Pcs Durable Suitcase Wheels Swivel Luggage Mute Wheel with Screw for Repair Replacement in the pc category on TechPickHub. Discover trending Amazon.com products, shopping deals, buyer favorites and top-rated ecommerce products.",https://aamirsidque.github.io/TechPickHub/pc/page1.html,https://m.media-amazon.com/images/I/41DxC3h9gZL._AC_UL320_.jpg,in stock,new,21.99 USD,21.99 USD,TechPickHub,Electronics > Computers,https://m.media-amazon.com/images/I/41DxC3h9gZL._AC_UL320_.jpg,adult,pc,best-seller,amazon-products,techpickhub,shopping,pc,392,unisex
393,"GRAND Zipper type Expandable Hardside Luggage, Light-weight, Checked-medium Suitcase, 26 inch, Black Carbon, 5604-59-BKCB",Best Luggage Products,"Explore GRAND Zipper type Expandable Hardside Luggage, Light-weight, Checked-medium Suitcase, 26 inch, Black Carbon, 5604-59-BKCB in the luggage category on TechPickHub. Discover trending Amazon.com products, shopping deals, buyer favorites and top-rated ecommerce products.",https://aamirsidque.github.io/TechPickHub/luggage/page3.html,https://m.media-amazon.com/images/I/61cD-2cuDYL._AC_UL320_.jpg,in stock,new,289.0 USD,289.0 USD,TechPickHub,Apparel & Accessories > Luggage & Bags,https://m.media-amazon.com/images/I/61cD-2cuDYL._AC_UL320_.jpg,adult,luggage,best-seller,amazon-products,techpickhub,shopping,luggage,393,unisex
394,Movie Covers Travel Luggage Protector Suitcases Cover for Boys Trunk Case Washable Covers with Zipper Suitable 18-20inch,Best Luggage Products,"Explore Movie Covers Travel Luggage Protector Suitcases Cover for Boys Trunk Case Washable Covers with Zipper Suitable 18-20inch in the luggage category on TechPickHub. Discover trending Amazon.com products, shopping deals, buyer favorites and top-rated ecommerce products.",https://aamirsidque.github.io/TechPickHub/luggage/page3.html,https://m.media-amazon.com/images/I/51Xnfq-kqcL._AC_UL320_.jpg,in stock,new,19.99 USD,19.99 USD,TechPickHub,Apparel & Accessories > Luggage & Bags,https://m.media-amazon.com/images/I/51Xnfq-kqcL._AC_UL320_.jpg,adult,luggage,best-seller,amazon-products,techpickhub,shopping,luggage,394,unisex
395,"Small Floral Round Hat Box Vintage Luggage Cosmetic Case (D.18, Cherry Pink)",Best Luggage Products,"Explore Small Floral Round Hat Box Vintage Luggage Cosmetic Case (D.18, Cherry Pink) in the luggage category on TechPickHub. Discover trending Amazon.com products, shopping deals, buyer favorites and top-rated ecommerce products.",https://aamirsidque.github.io/TechPickHub/luggage/page3.html,https://m.media-amazon.com/images/I/51WunbgcvlL._AC_UL320_.jpg,in stock,new,169.99 USD,169.99 USD,TechPickHub,Apparel & Accessories > Luggage & Bags,https://m.media-amazon.com/images/I/51WunbgcvlL._AC_UL320_.jpg,adult,luggage,best-seller,amazon-products,techpickhub,shopping,luggage,395,unisex
396,"New York Rainbow Luggage Collection - Lightweight 28 Inch (ABS+PC) Hardside Suitcase - Durable Large Checked Bag with 8-Rolling Spinner Wheels (28in, Rainbow Lavender)…",Best Pc Products,"Explore New York Rainbow Luggage Collection - Lightweight 28 Inch (ABS+PC) Hardside Suitcase - Durable Large Checked Bag with 8-Rolling Spinner Wheels (28in, Rainbow Lavender)… in the pc category on TechPickHub. Discover trending Amazon.com products, shopping deals, buyer favorites and top-rated ecommerce products.",https://aamirsidque.github.io/TechPickHub/pc/page1.html,https://m.media-amazon.com/images/I/61p1sRumk3L._AC_UL320_.jpg,in stock,new,99.99 USD,99.99 USD,TechPickHub,Electronics > Computers,https://m.media-amazon.com/images/I/61p1sRumk3L._AC_UL320_.jpg,adult,pc,best-seller,amazon-products,techpickhub,shopping,pc,396,unisex
397,"Harry Potter 29 Inch Rolling Luggage, Hogwarts Express Hardshell Suitcase with Spinner Wheels, Burgundy (FKFL0008-385)",Best Luggage Products,"Explore Harry Potter 29 Inch Rolling Luggage, Hogwarts Express Hardshell Suitcase with Spinner Wheels, Burgundy (FKFL0008-385) in the luggage category on TechPickHub. Discover trending Amazon.com products, shopping deals, buyer favorites and top-rated ecommerce products.",https://aamirsidque.github.io/TechPickHub/luggage/page3.html,https://m.media-amazon.com/images/I/71k--Ye5y+L._AC_UL320_.jpg,in stock,new,179.99 USD,179.99 USD,TechPickHub,Apparel & Accessories > Luggage & Bags,https://m.media-amazon.com/images/I/71k--Ye5y+L._AC_UL320_.jpg,adult,luggage,best-seller,amazon-products,techpickhub,shopping,luggage,397,unisex
398,Spontaneous Small Rolling Luggage Brush Blue C,Best Luggage Products,"Explore Spontaneous Small Rolling Luggage Brush Blue C in the luggage category on TechPickHub. Discover trending Amazon.com products, shopping deals, buyer favorites and top-rated ecommerce products.",https://aamirsidque.github.io/TechPickHub/luggage/page3.html,https://m.media-amazon.com/images/I/619X+hlDWVL._AC_UL320_.jpg,in stock,new,229.0 USD,229.0 USD,TechPickHub,Apparel & Accessories > Luggage & Bags,https://m.media-amazon.com/images/I/619X+hlDWVL._AC_UL320_.jpg,adult,luggage,best-seller,amazon-products,techpickhub,shopping,luggage,398,unisex
