id,title,Pinterest board,description,link,image_link,availability,condition,price,sale_price,brand,google_product_category,additional_image_link,age_group,custom_label_0,custom_label_1,custom_label_2,custom_label_3,custom_label_4,product_type,item_group_id,gender
195220,"SPARK & WOW Bear Activity Wall Panel - 18m+ - Toddler Activity Center - Wall-Mounted Toy - Busy Board Decor for Bedrooms, Daycares and Play Areas",Best Other Products,"Explore SPARK & WOW Bear Activity Wall Panel - 18m+ - Toddler Activity Center - Wall-Mounted Toy - Busy Board Decor for Bedrooms, Daycares and Play Areas in the other category on TechPickHub. Discover trending Amazon.com products, shopping deals, buyer favorites and top-rated ecommerce products.",https://aamirsidque.github.io/TechPickHub/other/page1371.html,https://m.media-amazon.com/images/I/71lxBHXNFJL._AC_UL320_.jpg,in stock,new,98.99 USD,98.99 USD,TechPickHub,Electronics,https://m.media-amazon.com/images/I/71lxBHXNFJL._AC_UL320_.jpg,adult,other,best-seller,amazon-products,techpickhub,shopping,other,195220,unisex
195221,Otamatone [Kumamon] Bear Mascot Japanese Electronic Musical Instrument Synthesizer by Cube / Maywa Denki,Best Other Products,"Explore Otamatone [Kumamon] Bear Mascot Japanese Electronic Musical Instrument Synthesizer by Cube / Maywa Denki in the other category on TechPickHub. Discover trending Amazon.com products, shopping deals, buyer favorites and top-rated ecommerce products.",https://aamirsidque.github.io/TechPickHub/other/page1371.html,https://m.media-amazon.com/images/I/519oPx2FqUL._AC_UL320_.jpg,in stock,new,38.0 USD,38.0 USD,TechPickHub,Electronics,https://m.media-amazon.com/images/I/519oPx2FqUL._AC_UL320_.jpg,adult,other,best-seller,amazon-products,techpickhub,shopping,other,195221,unisex
195222,Biottro Wooden Pattern Blocks Geometric Shape Color Matching Game with Cards Board Wooden Building Blocks Stacking Block Shape Puzzle Educational Learning Montessori Toys for Toddlers Boys Girls,Best Other Products,"Explore Biottro Wooden Pattern Blocks Geometric Shape Color Matching Game with Cards Board Wooden Building Blocks Stacking Block Shape Puzzle Educational Learning Montessori Toys for Toddlers Boys Girls in the other category on TechPickHub. Discover trending Amazon.com products, shopping deals, buyer favorites and top-rated ecommerce products.",https://aamirsidque.github.io/TechPickHub/other/page1371.html,https://m.media-amazon.com/images/I/71mcIZQjKpL._AC_UL320_.jpg,in stock,new,14.99 USD,14.99 USD,TechPickHub,Electronics,https://m.media-amazon.com/images/I/71mcIZQjKpL._AC_UL320_.jpg,adult,other,best-seller,amazon-products,techpickhub,shopping,other,195222,unisex
195223,"Spinning Top Accurate Metal Spinner Top Desktop Gyro Toys Little Fidget Toys (Silver,Gold, Black)",Best Pc Products,"Explore Spinning Top Accurate Metal Spinner Top Desktop Gyro Toys Little Fidget Toys (Silver,Gold, Black) in the pc category on TechPickHub. Discover trending Amazon.com products, shopping deals, buyer favorites and top-rated ecommerce products.",https://aamirsidque.github.io/TechPickHub/pc/page140.html,https://m.media-amazon.com/images/I/51m5HyNSITL._AC_UL320_.jpg,in stock,new,12.99 USD,12.99 USD,TechPickHub,Electronics > Computers,https://m.media-amazon.com/images/I/51m5HyNSITL._AC_UL320_.jpg,adult,pc,best-seller,amazon-products,techpickhub,shopping,pc,195223,unisex
195224,"LEGO DUPLO Town Barn, Tractor & Farm Animal Care 10952 Playset with People Figures and Cute Pony, Pig, Dog, Sheep, Cow, Calf, Rooster and Chicken Toys; Great Learning Toy, New 2021 (97 Pieces)",Best Other Products,"Explore LEGO DUPLO Town Barn, Tractor & Farm Animal Care 10952 Playset with People Figures and Cute Pony, Pig, Dog, Sheep, Cow, Calf, Rooster and Chicken Toys; Great Learning Toy, New 2021 (97 Pieces) in the other category on TechPickHub. Discover trending Amazon.com products, shopping deals, buyer favorites and top-rated ecommerce products.",https://aamirsidque.github.io/TechPickHub/other/page1371.html,https://m.media-amazon.com/images/I/81E2sfqt08L._AC_UL320_.jpg,in stock,new,0.0 USD,0.0 USD,TechPickHub,Electronics,https://m.media-amazon.com/images/I/81E2sfqt08L._AC_UL320_.jpg,adult,other,best-seller,amazon-products,techpickhub,shopping,other,195224,unisex
195225,PlayGo Kids Animal Stick & Stack Blocks Toy Eco-Friendly & Non-Toxic Early Childhood Development Toys for Fine Motor Skills Just Perfect for Your Little One 12 Months & Older,Best Other Products,"Explore PlayGo Kids Animal Stick & Stack Blocks Toy Eco-Friendly & Non-Toxic Early Childhood Development Toys for Fine Motor Skills Just Perfect for Your Little One 12 Months & Older in the other category on TechPickHub. Discover trending Amazon.com products, shopping deals, buyer favorites and top-rated ecommerce products.",https://aamirsidque.github.io/TechPickHub/other/page1371.html,https://m.media-amazon.com/images/I/8177uX33zbL._AC_UL320_.jpg,in stock,new,14.99 USD,14.99 USD,TechPickHub,Electronics,https://m.media-amazon.com/images/I/8177uX33zbL._AC_UL320_.jpg,adult,other,best-seller,amazon-products,techpickhub,shopping,other,195225,unisex
195226,"Learning Resources LSP0949-UK MathLink Cubes Numberblocks 1-10 Activity Set, Early Years Maths Learning, Build, Learn & Play in The Classroom & at Home.",Best Other Products,"Explore Learning Resources LSP0949-UK MathLink Cubes Numberblocks 1-10 Activity Set, Early Years Maths Learning, Build, Learn & Play in The Classroom & at Home. in the other category on TechPickHub. Discover trending Amazon.com products, shopping deals, buyer favorites and top-rated ecommerce products.",https://aamirsidque.github.io/TechPickHub/other/page1371.html,https://m.media-amazon.com/images/I/71W1j76yVtL._AC_UL320_.jpg,in stock,new,46.76 USD,46.76 USD,TechPickHub,Electronics,https://m.media-amazon.com/images/I/71W1j76yVtL._AC_UL320_.jpg,adult,other,best-seller,amazon-products,techpickhub,shopping,other,195226,unisex
195227,"Nuby Natural Wood & Silicone Teether: 3 M+, Heart Bracelet, Pink",Best Other Products,"Explore Nuby Natural Wood & Silicone Teether: 3 M+, Heart Bracelet, Pink in the other category on TechPickHub. Discover trending Amazon.com products, shopping deals, buyer favorites and top-rated ecommerce products.",https://aamirsidque.github.io/TechPickHub/other/page1371.html,https://m.media-amazon.com/images/I/716u2eMedsL._AC_UL320_.jpg,in stock,new,8.27 USD,8.27 USD,TechPickHub,Electronics,https://m.media-amazon.com/images/I/716u2eMedsL._AC_UL320_.jpg,adult,other,best-seller,amazon-products,techpickhub,shopping,other,195227,unisex
195228,Little Tikes School Bus Climber,Best Other Products,"Explore Little Tikes School Bus Climber in the other category on TechPickHub. Discover trending Amazon.com products, shopping deals, buyer favorites and top-rated ecommerce products.",https://aamirsidque.github.io/TechPickHub/other/page1371.html,https://m.media-amazon.com/images/I/71xPwRvoQnL._AC_UL320_.jpg,in stock,new,189.99 USD,189.99 USD,TechPickHub,Electronics,https://m.media-amazon.com/images/I/71xPwRvoQnL._AC_UL320_.jpg,adult,other,best-seller,amazon-products,techpickhub,shopping,other,195228,unisex
195229,"Mobo Cruiser Wobo Rocking Horse Ride On & Baby Balance Bike,5 inches",Best Other Products,"Explore Mobo Cruiser Wobo Rocking Horse Ride On & Baby Balance Bike,5 inches in the other category on TechPickHub. Discover trending Amazon.com products, shopping deals, buyer favorites and top-rated ecommerce products.",https://aamirsidque.github.io/TechPickHub/other/page1371.html,https://m.media-amazon.com/images/I/81qYHxZDulL._AC_UL320_.jpg,in stock,new,99.99 USD,99.99 USD,TechPickHub,Electronics,https://m.media-amazon.com/images/I/81qYHxZDulL._AC_UL320_.jpg,adult,other,best-seller,amazon-products,techpickhub,shopping,other,195229,unisex
195230,"Mary Meyer Crinkle Teether Toy with Baby Paper and Squeaker, 6 x 6-Inches, Little But Fierce Leopard",Best Other Products,"Explore Mary Meyer Crinkle Teether Toy with Baby Paper and Squeaker, 6 x 6-Inches, Little But Fierce Leopard in the other category on TechPickHub. Discover trending Amazon.com products, shopping deals, buyer favorites and top-rated ecommerce products.",https://aamirsidque.github.io/TechPickHub/other/page1371.html,https://m.media-amazon.com/images/I/81tR4p7pYhL._AC_UL320_.jpg,in stock,new,12.99 USD,12.99 USD,TechPickHub,Electronics,https://m.media-amazon.com/images/I/81tR4p7pYhL._AC_UL320_.jpg,adult,other,best-seller,amazon-products,techpickhub,shopping,other,195230,unisex
195231,"Smart Steps by Baby Trend STEM Counting Crab, Multicolor",Best Other Products,"Explore Smart Steps by Baby Trend STEM Counting Crab, Multicolor in the other category on TechPickHub. Discover trending Amazon.com products, shopping deals, buyer favorites and top-rated ecommerce products.",https://aamirsidque.github.io/TechPickHub/other/page1371.html,https://m.media-amazon.com/images/I/71pv0cNPc+L._AC_UL320_.jpg,in stock,new,24.99 USD,24.99 USD,TechPickHub,Electronics,https://m.media-amazon.com/images/I/71pv0cNPc+L._AC_UL320_.jpg,adult,other,best-seller,amazon-products,techpickhub,shopping,other,195231,unisex
195232,"Mini Porcupine Balls Multicolor Hedge Balls for Teens Adults Spiky Colorful Balls Fidget Toys for Teens, Birthday Party Favors (40 Pieces)",Best Other Products,"Explore Mini Porcupine Balls Multicolor Hedge Balls for Teens Adults Spiky Colorful Balls Fidget Toys for Teens, Birthday Party Favors (40 Pieces) in the other category on TechPickHub. Discover trending Amazon.com products, shopping deals, buyer favorites and top-rated ecommerce products.",https://aamirsidque.github.io/TechPickHub/other/page1371.html,https://m.media-amazon.com/images/I/81lyPDr2hvL._AC_UL320_.jpg,in stock,new,10.99 USD,10.99 USD,TechPickHub,Electronics,https://m.media-amazon.com/images/I/81lyPDr2hvL._AC_UL320_.jpg,adult,other,best-seller,amazon-products,techpickhub,shopping,other,195232,unisex
195233,"SIRELI Set of 4 Baby Teething Toys,100% Food Grade Silicone, BPA Free, 6-12 Months Toy, Baby Boy Girl Gift Set, Travel Toy, Soothing Teether Set, Never Drop Glove Teether, Stacking Toy, Multicolor",Best Other Products,"Explore SIRELI Set of 4 Baby Teething Toys,100% Food Grade Silicone, BPA Free, 6-12 Months Toy, Baby Boy Girl Gift Set, Travel Toy, Soothing Teether Set, Never Drop Glove Teether, Stacking Toy, Multicolor in the other category on TechPickHub. Discover trending Amazon.com products, shopping deals, buyer favorites and top-rated ecommerce products.",https://aamirsidque.github.io/TechPickHub/other/page1371.html,https://m.media-amazon.com/images/I/81UD2Z5FfXL._AC_UL320_.jpg,in stock,new,19.95 USD,19.95 USD,TechPickHub,Electronics,https://m.media-amazon.com/images/I/81UD2Z5FfXL._AC_UL320_.jpg,adult,other,best-seller,amazon-products,techpickhub,shopping,other,195233,unisex
195234,"Scuwtocn Silicone Phone Teether for Baby Teething Toys for Baby 6-12 Months, Teething Toys for Babies 0-6 Months - Toddler Pretend Play Phone Chew Baby Toys - Pink",Best Mobiles Products,"Explore Scuwtocn Silicone Phone Teether for Baby Teething Toys for Baby 6-12 Months, Teething Toys for Babies 0-6 Months - Toddler Pretend Play Phone Chew Baby Toys - Pink in the mobiles category on TechPickHub. Discover trending Amazon.com products, shopping deals, buyer favorites and top-rated ecommerce products.",https://aamirsidque.github.io/TechPickHub/mobiles/page113.html,https://m.media-amazon.com/images/I/71Zi6alSYxL._AC_UL320_.jpg,in stock,new,8.99 USD,8.99 USD,TechPickHub,Electronics > Communications > Telephony > Mobile Phones,https://m.media-amazon.com/images/I/71Zi6alSYxL._AC_UL320_.jpg,adult,mobiles,best-seller,amazon-products,techpickhub,shopping,mobiles,195234,unisex
195235,"Aolso 2PCS Baby Teether Toys Silicone, Remote Control Shape Teething Toys and Phone Shaped Teether for Baby with 2PCS Pacifier Clip, Silicone Baby Teething Toys for 3 Months+, BPA Free (Black)",Best Mobiles Products,"Explore Aolso 2PCS Baby Teether Toys Silicone, Remote Control Shape Teething Toys and Phone Shaped Teether for Baby with 2PCS Pacifier Clip, Silicone Baby Teething Toys for 3 Months+, BPA Free (Black) in the mobiles category on TechPickHub. Discover trending Amazon.com products, shopping deals, buyer favorites and top-rated ecommerce products.",https://aamirsidque.github.io/TechPickHub/mobiles/page113.html,https://m.media-amazon.com/images/I/719tJbZV2IL._AC_UL320_.jpg,in stock,new,8.59 USD,8.59 USD,TechPickHub,Electronics > Communications > Telephony > Mobile Phones,https://m.media-amazon.com/images/I/719tJbZV2IL._AC_UL320_.jpg,adult,mobiles,best-seller,amazon-products,techpickhub,shopping,mobiles,195235,unisex
195236,Nuby Purple Squid Squirter Interactive Fun Bath Time Toy,Best Other Products,"Explore Nuby Purple Squid Squirter Interactive Fun Bath Time Toy in the other category on TechPickHub. Discover trending Amazon.com products, shopping deals, buyer favorites and top-rated ecommerce products.",https://aamirsidque.github.io/TechPickHub/other/page1371.html,https://m.media-amazon.com/images/I/71zoxelu-pL._AC_UL320_.jpg,in stock,new,7.99 USD,7.99 USD,TechPickHub,Electronics,https://m.media-amazon.com/images/I/71zoxelu-pL._AC_UL320_.jpg,adult,other,best-seller,amazon-products,techpickhub,shopping,other,195236,unisex
195237,Toddmomy 2Pcs Kids Watering Can Bath Water Can Flower Watering Can Kids Bath Toys Beach Toys Play Sand Toys for Home Outdoor,Best Pc Products,"Explore Toddmomy 2Pcs Kids Watering Can Bath Water Can Flower Watering Can Kids Bath Toys Beach Toys Play Sand Toys for Home Outdoor in the pc category on TechPickHub. Discover trending Amazon.com products, shopping deals, buyer favorites and top-rated ecommerce products.",https://aamirsidque.github.io/TechPickHub/pc/page140.html,https://m.media-amazon.com/images/I/51PjYLzmgdL._AC_UL320_.jpg,in stock,new,10.69 USD,10.69 USD,TechPickHub,Electronics > Computers,https://m.media-amazon.com/images/I/51PjYLzmgdL._AC_UL320_.jpg,adult,pc,best-seller,amazon-products,techpickhub,shopping,pc,195237,unisex
195238,"Honoson Rubber Frog Bath Toy Bulk Mini Frog Toys Frog Bathtub Toys Float Squeak Toys for Summer Pool Baby Shower Halloween Christmas Party Birthday Decoration, 2.2 x 2 x 1.6 Inches (150)",Best Other Products,"Explore Honoson Rubber Frog Bath Toy Bulk Mini Frog Toys Frog Bathtub Toys Float Squeak Toys for Summer Pool Baby Shower Halloween Christmas Party Birthday Decoration, 2.2 x 2 x 1.6 Inches (150) in the other category on TechPickHub. Discover trending Amazon.com products, shopping deals, buyer favorites and top-rated ecommerce products.",https://aamirsidque.github.io/TechPickHub/other/page1371.html,https://m.media-amazon.com/images/I/71JHdBuo2pL._AC_UL320_.jpg,in stock,new,33.99 USD,33.99 USD,TechPickHub,Electronics,https://m.media-amazon.com/images/I/71JHdBuo2pL._AC_UL320_.jpg,adult,other,best-seller,amazon-products,techpickhub,shopping,other,195238,unisex
195239,"Battat – Toy Vacuum Cleaner for Toddlers, Kids – Lights & Sounds Play Vacuum – Musical Vacuum Toy with 2 Songs – Clean n' Sing Vacuum – 2 Years +",Best Other Products,"Explore Battat – Toy Vacuum Cleaner for Toddlers, Kids – Lights & Sounds Play Vacuum – Musical Vacuum Toy with 2 Songs – Clean n' Sing Vacuum – 2 Years + in the other category on TechPickHub. Discover trending Amazon.com products, shopping deals, buyer favorites and top-rated ecommerce products.",https://aamirsidque.github.io/TechPickHub/other/page1371.html,https://m.media-amazon.com/images/I/81VzyL5A74L._AC_UL320_.jpg,in stock,new,24.95 USD,24.95 USD,TechPickHub,Electronics,https://m.media-amazon.com/images/I/81VzyL5A74L._AC_UL320_.jpg,adult,other,best-seller,amazon-products,techpickhub,shopping,other,195239,unisex
195240,"CCYYZZ Montessori Toy for 12-36 Months Toddlers, Baby Sensory Toy for 1 Year Old Babies, Giraffe Pop Tubes, Food Grade Silicone Pull Strings Activity Toys, Gifts for Boys and Girls",Best Other Products,"Explore CCYYZZ Montessori Toy for 12-36 Months Toddlers, Baby Sensory Toy for 1 Year Old Babies, Giraffe Pop Tubes, Food Grade Silicone Pull Strings Activity Toys, Gifts for Boys and Girls in the other category on TechPickHub. Discover trending Amazon.com products, shopping deals, buyer favorites and top-rated ecommerce products.",https://aamirsidque.github.io/TechPickHub/other/page1371.html,https://m.media-amazon.com/images/I/51ZQq3juDsL._AC_UL320_.jpg,in stock,new,8.99 USD,8.99 USD,TechPickHub,Electronics,https://m.media-amazon.com/images/I/51ZQq3juDsL._AC_UL320_.jpg,adult,other,best-seller,amazon-products,techpickhub,shopping,other,195240,unisex
195241,"TYRY.HU Baby Teething Ring(6 Pack), Multi Use Baby Toy Ring - Attach Toys & Teethers to Stroller, Car Seat & More,Soft-Textured Sensory Chew Rings & Wood Teether Soothe Babies Gums for Infant,Khaki",Best Other Products,"Explore TYRY.HU Baby Teething Ring(6 Pack), Multi Use Baby Toy Ring - Attach Toys & Teethers to Stroller, Car Seat & More,Soft-Textured Sensory Chew Rings & Wood Teether Soothe Babies Gums for Infant,Khaki in the other category on TechPickHub. Discover trending Amazon.com products, shopping deals, buyer favorites and top-rated ecommerce products.",https://aamirsidque.github.io/TechPickHub/other/page1371.html,https://m.media-amazon.com/images/I/619ytaD4MiL._AC_UL320_.jpg,in stock,new,12.99 USD,12.99 USD,TechPickHub,Electronics,https://m.media-amazon.com/images/I/619ytaD4MiL._AC_UL320_.jpg,adult,other,best-seller,amazon-products,techpickhub,shopping,other,195241,unisex
195242,"Hape Ladybug Pull Along,Red and Black",Best Other Products,"Explore Hape Ladybug Pull Along,Red and Black in the other category on TechPickHub. Discover trending Amazon.com products, shopping deals, buyer favorites and top-rated ecommerce products.",https://aamirsidque.github.io/TechPickHub/other/page1371.html,https://m.media-amazon.com/images/I/71+UGmZ911L._AC_UL320_.jpg,in stock,new,10.99 USD,10.99 USD,TechPickHub,Electronics,https://m.media-amazon.com/images/I/71+UGmZ911L._AC_UL320_.jpg,adult,other,best-seller,amazon-products,techpickhub,shopping,other,195242,unisex
195243,"Squishy Fidget Sensory Stress Cute Cactus Toys for Children Adults Teens Kids Decompression Squeeze Relief Calming Toys ,Anxiety Relief",Best Other Products,"Explore Squishy Fidget Sensory Stress Cute Cactus Toys for Children Adults Teens Kids Decompression Squeeze Relief Calming Toys ,Anxiety Relief in the other category on TechPickHub. Discover trending Amazon.com products, shopping deals, buyer favorites and top-rated ecommerce products.",https://aamirsidque.github.io/TechPickHub/other/page1371.html,https://m.media-amazon.com/images/I/51-vi6x7COL._AC_UL320_.jpg,in stock,new,9.99 USD,9.99 USD,TechPickHub,Electronics,https://m.media-amazon.com/images/I/51-vi6x7COL._AC_UL320_.jpg,adult,other,best-seller,amazon-products,techpickhub,shopping,other,195243,unisex
195244,"KIDS PREFERRED DC Comics Wonder Woman Multi Sensory Activity Toy with Teethers, Crinkle Textures, and Clip for On The Go Fun for Infant and Baby Boys and Girls Medium",Best Other Products,"Explore KIDS PREFERRED DC Comics Wonder Woman Multi Sensory Activity Toy with Teethers, Crinkle Textures, and Clip for On The Go Fun for Infant and Baby Boys and Girls Medium in the other category on TechPickHub. Discover trending Amazon.com products, shopping deals, buyer favorites and top-rated ecommerce products.",https://aamirsidque.github.io/TechPickHub/other/page1371.html,https://m.media-amazon.com/images/I/71Mypwc17uL._AC_UL320_.jpg,in stock,new,17.42 USD,17.42 USD,TechPickHub,Electronics,https://m.media-amazon.com/images/I/71Mypwc17uL._AC_UL320_.jpg,adult,other,best-seller,amazon-products,techpickhub,shopping,other,195244,unisex
195245,"Fisher-Price Double Poppin' Dino, Ball Popper Infant Toy",Best Other Products,"Explore Fisher-Price Double Poppin' Dino, Ball Popper Infant Toy in the other category on TechPickHub. Discover trending Amazon.com products, shopping deals, buyer favorites and top-rated ecommerce products.",https://aamirsidque.github.io/TechPickHub/other/page1371.html,https://m.media-amazon.com/images/I/71mtOVlKmzL._AC_UL320_.jpg,in stock,new,59.95 USD,59.95 USD,TechPickHub,Electronics,https://m.media-amazon.com/images/I/71mtOVlKmzL._AC_UL320_.jpg,adult,other,best-seller,amazon-products,techpickhub,shopping,other,195245,unisex
195246,"Russian Alphabet for Kids Electronic, Russian Fairy Tales Musical Educational Toys for Toddlers, Russian Language Learning for Beginners, Learn to Speak Russian Audio",Best Other Products,"Explore Russian Alphabet for Kids Electronic, Russian Fairy Tales Musical Educational Toys for Toddlers, Russian Language Learning for Beginners, Learn to Speak Russian Audio in the other category on TechPickHub. Discover trending Amazon.com products, shopping deals, buyer favorites and top-rated ecommerce products.",https://aamirsidque.github.io/TechPickHub/other/page1371.html,https://m.media-amazon.com/images/I/71hLayxexvL._AC_UL320_.jpg,in stock,new,29.89 USD,29.89 USD,TechPickHub,Electronics,https://m.media-amazon.com/images/I/71hLayxexvL._AC_UL320_.jpg,adult,other,best-seller,amazon-products,techpickhub,shopping,other,195246,unisex
195247,Baney Baby Wooden Rattle | Natural Organic Beech Wood | Simple Minimalist Montessori Toy | Grasping | Eco Friendly,Best Other Products,"Explore Baney Baby Wooden Rattle | Natural Organic Beech Wood | Simple Minimalist Montessori Toy | Grasping | Eco Friendly in the other category on TechPickHub. Discover trending Amazon.com products, shopping deals, buyer favorites and top-rated ecommerce products.",https://aamirsidque.github.io/TechPickHub/other/page1371.html,https://m.media-amazon.com/images/I/418ALvRo24L._AC_UL320_.jpg,in stock,new,11.99 USD,11.99 USD,TechPickHub,Electronics,https://m.media-amazon.com/images/I/418ALvRo24L._AC_UL320_.jpg,adult,other,best-seller,amazon-products,techpickhub,shopping,other,195247,unisex
195248,"Teethers for Babies 0-6 Months, Newborn Sensory Toys,0-3-6 Months Teething Ball,3-12 Months Teethers Toys,Gift for Baby,Infant Toys for 3-6 Months Babies",Best Other Products,"Explore Teethers for Babies 0-6 Months, Newborn Sensory Toys,0-3-6 Months Teething Ball,3-12 Months Teethers Toys,Gift for Baby,Infant Toys for 3-6 Months Babies in the other category on TechPickHub. Discover trending Amazon.com products, shopping deals, buyer favorites and top-rated ecommerce products.",https://aamirsidque.github.io/TechPickHub/other/page1371.html,https://m.media-amazon.com/images/I/71SEzDKX0rL._AC_UL320_.jpg,in stock,new,11.99 USD,11.99 USD,TechPickHub,Electronics,https://m.media-amazon.com/images/I/71SEzDKX0rL._AC_UL320_.jpg,adult,other,best-seller,amazon-products,techpickhub,shopping,other,195248,unisex
195249,"Apricot Lamb Baby Duck Soft Rattle Toy, Plush Stuffed Animal for Newborn Soft Hand Grip Shaker Over 0 Months (Duck, 6 Inches)",Best Other Products,"Explore Apricot Lamb Baby Duck Soft Rattle Toy, Plush Stuffed Animal for Newborn Soft Hand Grip Shaker Over 0 Months (Duck, 6 Inches) in the other category on TechPickHub. Discover trending Amazon.com products, shopping deals, buyer favorites and top-rated ecommerce products.",https://aamirsidque.github.io/TechPickHub/other/page1371.html,https://m.media-amazon.com/images/I/51vRPhGKiSL._AC_UL320_.jpg,in stock,new,13.99 USD,13.99 USD,TechPickHub,Electronics,https://m.media-amazon.com/images/I/51vRPhGKiSL._AC_UL320_.jpg,adult,other,best-seller,amazon-products,techpickhub,shopping,other,195249,unisex
195250,"Zoo Sea Animals Baby Bath Toys, 24 Pack Assorted Squeezeable Sound Toys, Animal Bulk Toys for Toddlers Boys Girls Baby Floating Tub Toys for Bathroom Swimming Pool",Best Other Products,"Explore Zoo Sea Animals Baby Bath Toys, 24 Pack Assorted Squeezeable Sound Toys, Animal Bulk Toys for Toddlers Boys Girls Baby Floating Tub Toys for Bathroom Swimming Pool in the other category on TechPickHub. Discover trending Amazon.com products, shopping deals, buyer favorites and top-rated ecommerce products.",https://aamirsidque.github.io/TechPickHub/other/page1371.html,https://m.media-amazon.com/images/I/71e91gpwOoL._AC_UL320_.jpg,in stock,new,8.99 USD,8.99 USD,TechPickHub,Electronics,https://m.media-amazon.com/images/I/71e91gpwOoL._AC_UL320_.jpg,adult,other,best-seller,amazon-products,techpickhub,shopping,other,195250,unisex
195251,50pcs Emerald Color Silicone Round Beads Sensory 15mm Silicone Pearl Bead Bulk Mom Necklace DIY Jewelry Making Decoration,Best Pc Products,"Explore 50pcs Emerald Color Silicone Round Beads Sensory 15mm Silicone Pearl Bead Bulk Mom Necklace DIY Jewelry Making Decoration in the pc category on TechPickHub. Discover trending Amazon.com products, shopping deals, buyer favorites and top-rated ecommerce products.",https://aamirsidque.github.io/TechPickHub/pc/page140.html,https://m.media-amazon.com/images/I/51tNqUAnQqL._AC_UL320_.jpg,in stock,new,9.98 USD,9.98 USD,TechPickHub,Electronics > Computers,https://m.media-amazon.com/images/I/51tNqUAnQqL._AC_UL320_.jpg,adult,pc,best-seller,amazon-products,techpickhub,shopping,pc,195251,unisex
195252,"City Heroes Wall Toy for Toddlers –Wall Activity Toy Panel for Kids - Wall Mounted Tactile Toy for Fine Motor Skills, Memory, and Sensory Development – Busy Board Montessori Toy",Best Other Products,"Explore City Heroes Wall Toy for Toddlers –Wall Activity Toy Panel for Kids - Wall Mounted Tactile Toy for Fine Motor Skills, Memory, and Sensory Development – Busy Board Montessori Toy in the other category on TechPickHub. Discover trending Amazon.com products, shopping deals, buyer favorites and top-rated ecommerce products.",https://aamirsidque.github.io/TechPickHub/other/page1371.html,https://m.media-amazon.com/images/I/81jq6VNloQL._AC_UL320_.jpg,in stock,new,69.95 USD,69.95 USD,TechPickHub,Electronics,https://m.media-amazon.com/images/I/81jq6VNloQL._AC_UL320_.jpg,adult,other,best-seller,amazon-products,techpickhub,shopping,other,195252,unisex
195253,"Award Winning Hape Double Rainbow Stacker Wooden Ring Set Toddler Game, L: 7.9, W: 4.1, H: 4.3 inch",Best Other Products,"Explore Award Winning Hape Double Rainbow Stacker Wooden Ring Set Toddler Game, L: 7.9, W: 4.1, H: 4.3 inch in the other category on TechPickHub. Discover trending Amazon.com products, shopping deals, buyer favorites and top-rated ecommerce products.",https://aamirsidque.github.io/TechPickHub/other/page1371.html,https://m.media-amazon.com/images/I/51WbwNxmlOL._AC_UL320_.jpg,in stock,new,17.99 USD,17.99 USD,TechPickHub,Electronics,https://m.media-amazon.com/images/I/51WbwNxmlOL._AC_UL320_.jpg,adult,other,best-seller,amazon-products,techpickhub,shopping,other,195253,unisex
195254,"Baby Hanging Toys, Car Seat toys for babies 0-6 months,Newborn Carseat Stroller Crib Toys, Sensory Corn Banana Soft stuff Toys,Teether,Crinkle,Squeaky & Rattles Toy for Baby Boy Girl 0 3 6 9 12 Months",Best Other Products,"Explore Baby Hanging Toys, Car Seat toys for babies 0-6 months,Newborn Carseat Stroller Crib Toys, Sensory Corn Banana Soft stuff Toys,Teether,Crinkle,Squeaky & Rattles Toy for Baby Boy Girl 0 3 6 9 12 Months in the other category on TechPickHub. Discover trending Amazon.com products, shopping deals, buyer favorites and top-rated ecommerce products.",https://aamirsidque.github.io/TechPickHub/other/page1371.html,https://m.media-amazon.com/images/I/61XmlBbgtML._AC_UL320_.jpg,in stock,new,24.99 USD,24.99 USD,TechPickHub,Electronics,https://m.media-amazon.com/images/I/61XmlBbgtML._AC_UL320_.jpg,adult,other,best-seller,amazon-products,techpickhub,shopping,other,195254,unisex
195255,"Toys for 1 Year Old, Montessori Toys for 1 Year Old 6-12 Months Boys Girls Birthday Gift, Toddler Travel Toys Bath Toys for Infants 6-12 Months",Best Other Products,"Explore Toys for 1 Year Old, Montessori Toys for 1 Year Old 6-12 Months Boys Girls Birthday Gift, Toddler Travel Toys Bath Toys for Infants 6-12 Months in the other category on TechPickHub. Discover trending Amazon.com products, shopping deals, buyer favorites and top-rated ecommerce products.",https://aamirsidque.github.io/TechPickHub/other/page1371.html,https://m.media-amazon.com/images/I/71xzuuCu1QL._AC_UL320_.jpg,in stock,new,11.95 USD,11.95 USD,TechPickHub,Electronics,https://m.media-amazon.com/images/I/71xzuuCu1QL._AC_UL320_.jpg,adult,other,best-seller,amazon-products,techpickhub,shopping,other,195255,unisex
195256,Montessori Busy Board for Toddlers Baby Music Toys- Colorful Kitchen Pretend Play Baby Busy Board Toddler Activity Board with Music and Lights- Unique Baby Travel Toys for Plane or Car,Best Other Products,"Explore Montessori Busy Board for Toddlers Baby Music Toys- Colorful Kitchen Pretend Play Baby Busy Board Toddler Activity Board with Music and Lights- Unique Baby Travel Toys for Plane or Car in the other category on TechPickHub. Discover trending Amazon.com products, shopping deals, buyer favorites and top-rated ecommerce products.",https://aamirsidque.github.io/TechPickHub/other/page1371.html,https://m.media-amazon.com/images/I/71vIYSVj+fL._AC_UL320_.jpg,in stock,new,22.96 USD,22.96 USD,TechPickHub,Electronics,https://m.media-amazon.com/images/I/71vIYSVj+fL._AC_UL320_.jpg,adult,other,best-seller,amazon-products,techpickhub,shopping,other,195256,unisex
195257,HABA Carousel Wooden Clutching Toy (Made in Germany)…,Best Other Products,"Explore HABA Carousel Wooden Clutching Toy (Made in Germany)… in the other category on TechPickHub. Discover trending Amazon.com products, shopping deals, buyer favorites and top-rated ecommerce products.",https://aamirsidque.github.io/TechPickHub/other/page1371.html,https://m.media-amazon.com/images/I/61jlc+wWONL._AC_UL320_.jpg,in stock,new,17.99 USD,17.99 USD,TechPickHub,Electronics,https://m.media-amazon.com/images/I/61jlc+wWONL._AC_UL320_.jpg,adult,other,best-seller,amazon-products,techpickhub,shopping,other,195257,unisex
195258,"Hape Dante Push and Go |  Wooden Push, Release & Go Cat Toddler Toy with Wheels",Best Other Products,"Explore Hape Dante Push and Go |  Wooden Push, Release & Go Cat Toddler Toy with Wheels in the other category on TechPickHub. Discover trending Amazon.com products, shopping deals, buyer favorites and top-rated ecommerce products.",https://aamirsidque.github.io/TechPickHub/other/page1371.html,https://m.media-amazon.com/images/I/717+DvnFFmL._AC_UL320_.jpg,in stock,new,25.64 USD,25.64 USD,TechPickHub,Electronics,https://m.media-amazon.com/images/I/717+DvnFFmL._AC_UL320_.jpg,adult,other,best-seller,amazon-products,techpickhub,shopping,other,195258,unisex
195259,"NiBaby Silicone Baby Mitten Teething Chew Toy for Babies 0-6 Months 6-12 Months, Anti-Drop Teether Glove BPA-Free for Girls and Boys Sucking Biting Needs Soothing Gums Pain Relief (Blue)",Best Other Products,"Explore NiBaby Silicone Baby Mitten Teething Chew Toy for Babies 0-6 Months 6-12 Months, Anti-Drop Teether Glove BPA-Free for Girls and Boys Sucking Biting Needs Soothing Gums Pain Relief (Blue) in the other category on TechPickHub. Discover trending Amazon.com products, shopping deals, buyer favorites and top-rated ecommerce products.",https://aamirsidque.github.io/TechPickHub/other/page1371.html,https://m.media-amazon.com/images/I/61Gnwx14n9L._AC_UL320_.jpg,in stock,new,7.99 USD,7.99 USD,TechPickHub,Electronics,https://m.media-amazon.com/images/I/61Gnwx14n9L._AC_UL320_.jpg,adult,other,best-seller,amazon-products,techpickhub,shopping,other,195259,unisex
195260,"Didax Educational Resources Activity Unifix Ten Frames Train Set, Multicolor",Best Other Products,"Explore Didax Educational Resources Activity Unifix Ten Frames Train Set, Multicolor in the other category on TechPickHub. Discover trending Amazon.com products, shopping deals, buyer favorites and top-rated ecommerce products.",https://aamirsidque.github.io/TechPickHub/other/page1371.html,https://m.media-amazon.com/images/I/71og4B+KWxL._AC_UL320_.jpg,in stock,new,17.47 USD,17.47 USD,TechPickHub,Electronics,https://m.media-amazon.com/images/I/71og4B+KWxL._AC_UL320_.jpg,adult,other,best-seller,amazon-products,techpickhub,shopping,other,195260,unisex
195261,"STEM Board Games Toys for Kids, Road Builder Game Smart Logical Road Builder, Travel Game Birthday Gift for 3 4 5 6 7 8 Years Old, Educational Montessori Toy Size 25''",Best Other Products,"Explore STEM Board Games Toys for Kids, Road Builder Game Smart Logical Road Builder, Travel Game Birthday Gift for 3 4 5 6 7 8 Years Old, Educational Montessori Toy Size 25'' in the other category on TechPickHub. Discover trending Amazon.com products, shopping deals, buyer favorites and top-rated ecommerce products.",https://aamirsidque.github.io/TechPickHub/other/page1371.html,https://m.media-amazon.com/images/I/719-4VWpcTL._AC_UL320_.jpg,in stock,new,29.99 USD,29.99 USD,TechPickHub,Electronics,https://m.media-amazon.com/images/I/719-4VWpcTL._AC_UL320_.jpg,adult,other,best-seller,amazon-products,techpickhub,shopping,other,195261,unisex
195262,"Le Toy Van - Petilou Wooden Walker Toy for Toddlers and Babies | Educational Rainbow Cloud Walker | Suitable for A Boy Or Girl 1 Year Old +, Multi, 45 Blocks (PL102)",Best Other Products,"Explore Le Toy Van - Petilou Wooden Walker Toy for Toddlers and Babies | Educational Rainbow Cloud Walker | Suitable for A Boy Or Girl 1 Year Old +, Multi, 45 Blocks (PL102) in the other category on TechPickHub. Discover trending Amazon.com products, shopping deals, buyer favorites and top-rated ecommerce products.",https://aamirsidque.github.io/TechPickHub/other/page1371.html,https://m.media-amazon.com/images/I/71yiWneHyNL._AC_UL320_.jpg,in stock,new,100.68 USD,100.68 USD,TechPickHub,Electronics,https://m.media-amazon.com/images/I/71yiWneHyNL._AC_UL320_.jpg,adult,other,best-seller,amazon-products,techpickhub,shopping,other,195262,unisex
195263,"Linzy Toys Grey Elephant Baby Rocker, Kids Ride on Toy for Toddlers Age 1+, Infant (Boy/Girl) Plush Animal Rocker, Grey,(37631), 23.6 x 13.7 x 19.6 inches",Best Other Products,"Explore Linzy Toys Grey Elephant Baby Rocker, Kids Ride on Toy for Toddlers Age 1+, Infant (Boy/Girl) Plush Animal Rocker, Grey,(37631), 23.6 x 13.7 x 19.6 inches in the other category on TechPickHub. Discover trending Amazon.com products, shopping deals, buyer favorites and top-rated ecommerce products.",https://aamirsidque.github.io/TechPickHub/other/page1371.html,https://m.media-amazon.com/images/I/71gl3ttgCTL._AC_UL320_.jpg,in stock,new,82.99 USD,82.99 USD,TechPickHub,Electronics,https://m.media-amazon.com/images/I/71gl3ttgCTL._AC_UL320_.jpg,adult,other,best-seller,amazon-products,techpickhub,shopping,other,195263,unisex
195264,Tikiri Fairytales Midnight Dragon Natural Rubber Rattle with Crinkle Wings (Royal Blue),Best Other Products,"Explore Tikiri Fairytales Midnight Dragon Natural Rubber Rattle with Crinkle Wings (Royal Blue) in the other category on TechPickHub. Discover trending Amazon.com products, shopping deals, buyer favorites and top-rated ecommerce products.",https://aamirsidque.github.io/TechPickHub/other/page1371.html,https://m.media-amazon.com/images/I/61CYu3fi8WL._AC_UL320_.jpg,in stock,new,29.0 USD,29.0 USD,TechPickHub,Electronics,https://m.media-amazon.com/images/I/61CYu3fi8WL._AC_UL320_.jpg,adult,other,best-seller,amazon-products,techpickhub,shopping,other,195264,unisex
195265,Fisher-Price Poppity Pop Tiger,Best Other Products,"Explore Fisher-Price Poppity Pop Tiger in the other category on TechPickHub. Discover trending Amazon.com products, shopping deals, buyer favorites and top-rated ecommerce products.",https://aamirsidque.github.io/TechPickHub/other/page1371.html,https://m.media-amazon.com/images/I/71THf8ZYE5L._AC_UL320_.jpg,in stock,new,9.84 USD,9.84 USD,TechPickHub,Electronics,https://m.media-amazon.com/images/I/71THf8ZYE5L._AC_UL320_.jpg,adult,other,best-seller,amazon-products,techpickhub,shopping,other,195265,unisex
195266,Syhood 9 Pcs Sensory Animal Theme Mat Sensory Toys Sensory Wall Panel for Kids Autism Sensory Products Assorted Textured Sensory Toys for Autistic Boys Girls Sensory Room Calming Activity Supplies,Best Pc Products,"Explore Syhood 9 Pcs Sensory Animal Theme Mat Sensory Toys Sensory Wall Panel for Kids Autism Sensory Products Assorted Textured Sensory Toys for Autistic Boys Girls Sensory Room Calming Activity Supplies in the pc category on TechPickHub. Discover trending Amazon.com products, shopping deals, buyer favorites and top-rated ecommerce products.",https://aamirsidque.github.io/TechPickHub/pc/page140.html,https://m.media-amazon.com/images/I/81G5dxzf8TL._AC_UL320_.jpg,in stock,new,25.99 USD,25.99 USD,TechPickHub,Electronics > Computers,https://m.media-amazon.com/images/I/81G5dxzf8TL._AC_UL320_.jpg,adult,pc,best-seller,amazon-products,techpickhub,shopping,pc,195266,unisex
195267,Promise Babe Silicone Stacking Toys Heart Shape Stacking Blocks Soft Baby Toy 6pcs Building Stacker,Best Pc Products,"Explore Promise Babe Silicone Stacking Toys Heart Shape Stacking Blocks Soft Baby Toy 6pcs Building Stacker in the pc category on TechPickHub. Discover trending Amazon.com products, shopping deals, buyer favorites and top-rated ecommerce products.",https://aamirsidque.github.io/TechPickHub/pc/page140.html,https://m.media-amazon.com/images/I/51g3tO5NarL._AC_UL320_.jpg,in stock,new,15.99 USD,15.99 USD,TechPickHub,Electronics > Computers,https://m.media-amazon.com/images/I/51g3tO5NarL._AC_UL320_.jpg,adult,pc,best-seller,amazon-products,techpickhub,shopping,pc,195267,unisex
195268,"Socub Silicone Baby Teething Toy for Babies 3-12 Months, 2 Pcs Mobile Phone Shape Teether Toys for Infants Boys Girls, BPA Free Pain Relief Chew Toy (Blush/Dusty Lilac)",Best Mobiles Products,"Explore Socub Silicone Baby Teething Toy for Babies 3-12 Months, 2 Pcs Mobile Phone Shape Teether Toys for Infants Boys Girls, BPA Free Pain Relief Chew Toy (Blush/Dusty Lilac) in the mobiles category on TechPickHub. Discover trending Amazon.com products, shopping deals, buyer favorites and top-rated ecommerce products.",https://aamirsidque.github.io/TechPickHub/mobiles/page113.html,https://m.media-amazon.com/images/I/61fljVLJq-L._AC_UL320_.jpg,in stock,new,6.99 USD,6.99 USD,TechPickHub,Electronics > Communications > Telephony > Mobile Phones,https://m.media-amazon.com/images/I/61fljVLJq-L._AC_UL320_.jpg,adult,mobiles,best-seller,amazon-products,techpickhub,shopping,mobiles,195268,unisex
195269,"labebe Baby Rocking Horse with Seat Belt for Toddler Ages 1-3, Kids Dog Rocking Horse for 6 Months+ Children Boys/Girls, Infants Ride-on Animal Toy Plush Rocking Chair for Toddler 1 Year Old Gifts",Best Other Products,"Explore labebe Baby Rocking Horse with Seat Belt for Toddler Ages 1-3, Kids Dog Rocking Horse for 6 Months+ Children Boys/Girls, Infants Ride-on Animal Toy Plush Rocking Chair for Toddler 1 Year Old Gifts in the other category on TechPickHub. Discover trending Amazon.com products, shopping deals, buyer favorites and top-rated ecommerce products.",https://aamirsidque.github.io/TechPickHub/other/page1371.html,https://m.media-amazon.com/images/I/712SuIIO73L._AC_UL320_.jpg,in stock,new,123.99 USD,123.99 USD,TechPickHub,Electronics,https://m.media-amazon.com/images/I/712SuIIO73L._AC_UL320_.jpg,adult,other,best-seller,amazon-products,techpickhub,shopping,other,195269,unisex
195270,"PUTYOSH Inertia Toy Car, Friction Powered Cars for 3 4 5 Year Old Vehicles Toys One-Click Ejection Function Early Educational Birthday Gifts for Boys Girls",Best Other Products,"Explore PUTYOSH Inertia Toy Car, Friction Powered Cars for 3 4 5 Year Old Vehicles Toys One-Click Ejection Function Early Educational Birthday Gifts for Boys Girls in the other category on TechPickHub. Discover trending Amazon.com products, shopping deals, buyer favorites and top-rated ecommerce products.",https://aamirsidque.github.io/TechPickHub/other/page1371.html,https://m.media-amazon.com/images/I/51ETY3EajTL._AC_UL320_.jpg,in stock,new,6.59 USD,6.59 USD,TechPickHub,Electronics,https://m.media-amazon.com/images/I/51ETY3EajTL._AC_UL320_.jpg,adult,other,best-seller,amazon-products,techpickhub,shopping,other,195270,unisex
195271,"YowellGo Baby Simple Sensory Toy, Simple Fidget Toys Silicone Caterpillar and Crab Board, Best Stress Relief Hand Toys for Early Educational Baby Kids Gifts(Caterpillar and Crab)",Best Other Products,"Explore YowellGo Baby Simple Sensory Toy, Simple Fidget Toys Silicone Caterpillar and Crab Board, Best Stress Relief Hand Toys for Early Educational Baby Kids Gifts(Caterpillar and Crab) in the other category on TechPickHub. Discover trending Amazon.com products, shopping deals, buyer favorites and top-rated ecommerce products.",https://aamirsidque.github.io/TechPickHub/other/page1371.html,https://m.media-amazon.com/images/I/61PvFrKxOsL._AC_UL320_.jpg,in stock,new,11.99 USD,11.99 USD,TechPickHub,Electronics,https://m.media-amazon.com/images/I/61PvFrKxOsL._AC_UL320_.jpg,adult,other,best-seller,amazon-products,techpickhub,shopping,other,195271,unisex
195272,"Nuby Silicone Animal Teething Blanket - 0+ Months, 1pk Assorted (Bear or Llama) Multicolor",Best Other Products,"Explore Nuby Silicone Animal Teething Blanket - 0+ Months, 1pk Assorted (Bear or Llama) Multicolor in the other category on TechPickHub. Discover trending Amazon.com products, shopping deals, buyer favorites and top-rated ecommerce products.",https://aamirsidque.github.io/TechPickHub/other/page1371.html,https://m.media-amazon.com/images/I/81fnWO7cy-L._AC_UL320_.jpg,in stock,new,9.99 USD,9.99 USD,TechPickHub,Electronics,https://m.media-amazon.com/images/I/81fnWO7cy-L._AC_UL320_.jpg,adult,other,best-seller,amazon-products,techpickhub,shopping,other,195272,unisex
195273,"Bath Toy Baby Bathtub Toys, Sea Animals Squirter Toys, Water Spraying Discoloration Floating Animals Fishing Net, Bathroom Floating Pool Fishing Play Set for Toddler Kids, Set of 7",Best Other Products,"Explore Bath Toy Baby Bathtub Toys, Sea Animals Squirter Toys, Water Spraying Discoloration Floating Animals Fishing Net, Bathroom Floating Pool Fishing Play Set for Toddler Kids, Set of 7 in the other category on TechPickHub. Discover trending Amazon.com products, shopping deals, buyer favorites and top-rated ecommerce products.",https://aamirsidque.github.io/TechPickHub/other/page1371.html,https://m.media-amazon.com/images/I/410r0IX7SxL._AC_UL320_.jpg,in stock,new,6.97 USD,6.97 USD,TechPickHub,Electronics,https://m.media-amazon.com/images/I/410r0IX7SxL._AC_UL320_.jpg,adult,other,best-seller,amazon-products,techpickhub,shopping,other,195273,unisex
195274,"Suction Bath Toys for Kids - 52 pcs Suction Cup Toys Bath Toys for Kids Ages 4-8,Mold Free No Hole Bath Toys Shower Toys for Toddlers,Silicone Alphabet Letter Animal Sucker Toys No Mold Bathtub Toys",Best Pc Products,"Explore Suction Bath Toys for Kids - 52 pcs Suction Cup Toys Bath Toys for Kids Ages 4-8,Mold Free No Hole Bath Toys Shower Toys for Toddlers,Silicone Alphabet Letter Animal Sucker Toys No Mold Bathtub Toys in the pc category on TechPickHub. Discover trending Amazon.com products, shopping deals, buyer favorites and top-rated ecommerce products.",https://aamirsidque.github.io/TechPickHub/pc/page140.html,https://m.media-amazon.com/images/I/71n9O4P+YaL._AC_UL320_.jpg,in stock,new,16.99 USD,16.99 USD,TechPickHub,Electronics > Computers,https://m.media-amazon.com/images/I/71n9O4P+YaL._AC_UL320_.jpg,adult,pc,best-seller,amazon-products,techpickhub,shopping,pc,195274,unisex
195275,HABA Blossom Plastic Baby Rattle & Teething Toy,Best Other Products,"Explore HABA Blossom Plastic Baby Rattle & Teething Toy in the other category on TechPickHub. Discover trending Amazon.com products, shopping deals, buyer favorites and top-rated ecommerce products.",https://aamirsidque.github.io/TechPickHub/other/page1371.html,https://m.media-amazon.com/images/I/61ec4V5GE0L._AC_UL320_.jpg,in stock,new,11.99 USD,11.99 USD,TechPickHub,Electronics,https://m.media-amazon.com/images/I/61ec4V5GE0L._AC_UL320_.jpg,adult,other,best-seller,amazon-products,techpickhub,shopping,other,195275,unisex
195276,Mary Meyer Afrique Giraffe Character Blanket,Best Other Products,"Explore Mary Meyer Afrique Giraffe Character Blanket in the other category on TechPickHub. Discover trending Amazon.com products, shopping deals, buyer favorites and top-rated ecommerce products.",https://aamirsidque.github.io/TechPickHub/other/page1371.html,https://m.media-amazon.com/images/I/91dgrkqxG6L._AC_UL320_.jpg,in stock,new,24.95 USD,24.95 USD,TechPickHub,Electronics,https://m.media-amazon.com/images/I/91dgrkqxG6L._AC_UL320_.jpg,adult,other,best-seller,amazon-products,techpickhub,shopping,other,195276,unisex
195277,36 Sets Cowboy Ducks with Mini Hat Scarf and Sunglasses Mini Bath Duck Toys for Birthday Swimming Party Gift Favor Decorations,Best Other Products,"Explore 36 Sets Cowboy Ducks with Mini Hat Scarf and Sunglasses Mini Bath Duck Toys for Birthday Swimming Party Gift Favor Decorations in the other category on TechPickHub. Discover trending Amazon.com products, shopping deals, buyer favorites and top-rated ecommerce products.",https://aamirsidque.github.io/TechPickHub/other/page1371.html,https://m.media-amazon.com/images/I/81ieasskm2L._AC_UL320_.jpg,in stock,new,23.49 USD,23.49 USD,TechPickHub,Electronics,https://m.media-amazon.com/images/I/81ieasskm2L._AC_UL320_.jpg,adult,other,best-seller,amazon-products,techpickhub,shopping,other,195277,unisex
195278,Enlitoys Wooden Fishing Game Montessori Toys for Toddlers Magnetic Cat-Shape Fishing Toy Fine Motor Skill Learning with Fishing Pole Fishes Preschool Gifts for Kids Children,Best Other Products,"Explore Enlitoys Wooden Fishing Game Montessori Toys for Toddlers Magnetic Cat-Shape Fishing Toy Fine Motor Skill Learning with Fishing Pole Fishes Preschool Gifts for Kids Children in the other category on TechPickHub. Discover trending Amazon.com products, shopping deals, buyer favorites and top-rated ecommerce products.",https://aamirsidque.github.io/TechPickHub/other/page1371.html,https://m.media-amazon.com/images/I/61AWHjrlsKL._AC_UL320_.jpg,in stock,new,15.99 USD,15.99 USD,TechPickHub,Electronics,https://m.media-amazon.com/images/I/61AWHjrlsKL._AC_UL320_.jpg,adult,other,best-seller,amazon-products,techpickhub,shopping,other,195278,unisex
195279,Brush Buddies My First Soniclean Baby Teething Toothbrush,Best Other Products,"Explore Brush Buddies My First Soniclean Baby Teething Toothbrush in the other category on TechPickHub. Discover trending Amazon.com products, shopping deals, buyer favorites and top-rated ecommerce products.",https://aamirsidque.github.io/TechPickHub/other/page1371.html,https://m.media-amazon.com/images/I/61aldbrvQiL._AC_UL320_.jpg,in stock,new,14.51 USD,14.51 USD,TechPickHub,Electronics,https://m.media-amazon.com/images/I/61aldbrvQiL._AC_UL320_.jpg,adult,other,best-seller,amazon-products,techpickhub,shopping,other,195279,unisex
195280,48 Pcs Sratte DIY Rubber Ducks White Blank Rubber Ducks Bath Mini Ducks for Pool Bathtub Baby Party Favors Kids Birthday Gifts,Best Pc Products,"Explore 48 Pcs Sratte DIY Rubber Ducks White Blank Rubber Ducks Bath Mini Ducks for Pool Bathtub Baby Party Favors Kids Birthday Gifts in the pc category on TechPickHub. Discover trending Amazon.com products, shopping deals, buyer favorites and top-rated ecommerce products.",https://aamirsidque.github.io/TechPickHub/pc/page140.html,https://m.media-amazon.com/images/I/71hPe0blXUL._AC_UL320_.jpg,in stock,new,15.99 USD,15.99 USD,TechPickHub,Electronics > Computers,https://m.media-amazon.com/images/I/71hPe0blXUL._AC_UL320_.jpg,adult,pc,best-seller,amazon-products,techpickhub,shopping,pc,195280,unisex
195281,Nuby Pop-Up Penguin Bath Toy with 3 Bath Squirters - Baby Bath Toy for Boys and Girls 6+ Months,Best Other Products,"Explore Nuby Pop-Up Penguin Bath Toy with 3 Bath Squirters - Baby Bath Toy for Boys and Girls 6+ Months in the other category on TechPickHub. Discover trending Amazon.com products, shopping deals, buyer favorites and top-rated ecommerce products.",https://aamirsidque.github.io/TechPickHub/other/page1371.html,https://m.media-amazon.com/images/I/71WsRTkQNdL._AC_UL320_.jpg,in stock,new,10.99 USD,10.99 USD,TechPickHub,Electronics,https://m.media-amazon.com/images/I/71WsRTkQNdL._AC_UL320_.jpg,adult,other,best-seller,amazon-products,techpickhub,shopping,other,195281,unisex
195282,12 Pieces - Mini Pirate Rubber Duckies Bath Toys for Baby Shower - Pirate Party Supplies - Assorted Design,Best Other Products,"Explore 12 Pieces - Mini Pirate Rubber Duckies Bath Toys for Baby Shower - Pirate Party Supplies - Assorted Design in the other category on TechPickHub. Discover trending Amazon.com products, shopping deals, buyer favorites and top-rated ecommerce products.",https://aamirsidque.github.io/TechPickHub/other/page1371.html,https://m.media-amazon.com/images/I/51v75efcc2L._AC_UL320_.jpg,in stock,new,17.99 USD,17.99 USD,TechPickHub,Electronics,https://m.media-amazon.com/images/I/51v75efcc2L._AC_UL320_.jpg,adult,other,best-seller,amazon-products,techpickhub,shopping,other,195282,unisex
195283,Magnetic Color and Number Maze Board Wooden Montessori Fine Motor Skills Toys for 3 4 Year Old Preschool Classroom Must Haves Learning Activities Sorting Travel Toys for Toddlers Age 2-4 Boys Girls,Best Other Products,"Explore Magnetic Color and Number Maze Board Wooden Montessori Fine Motor Skills Toys for 3 4 Year Old Preschool Classroom Must Haves Learning Activities Sorting Travel Toys for Toddlers Age 2-4 Boys Girls in the other category on TechPickHub. Discover trending Amazon.com products, shopping deals, buyer favorites and top-rated ecommerce products.",https://aamirsidque.github.io/TechPickHub/other/page1371.html,https://m.media-amazon.com/images/I/71a19NNmiSL._AC_UL320_.jpg,in stock,new,19.99 USD,19.99 USD,TechPickHub,Electronics,https://m.media-amazon.com/images/I/71a19NNmiSL._AC_UL320_.jpg,adult,other,best-seller,amazon-products,techpickhub,shopping,other,195283,unisex
195284,"Yetonamr 88 Pcs Sea Animals Montessori Toys for 3 4 5 Years Old Boys Girls, Counting Toddler Preschool Learning Activities Toys for Kids Preschool Classroom Must Haves, Math Manipulatives Sensory Edu",Best Pc Products,"Explore Yetonamr 88 Pcs Sea Animals Montessori Toys for 3 4 5 Years Old Boys Girls, Counting Toddler Preschool Learning Activities Toys for Kids Preschool Classroom Must Haves, Math Manipulatives Sensory Edu in the pc category on TechPickHub. Discover trending Amazon.com products, shopping deals, buyer favorites and top-rated ecommerce products.",https://aamirsidque.github.io/TechPickHub/pc/page140.html,https://m.media-amazon.com/images/I/812OTEDAGDL._AC_UL320_.jpg,in stock,new,22.99 USD,22.99 USD,TechPickHub,Electronics > Computers,https://m.media-amazon.com/images/I/812OTEDAGDL._AC_UL320_.jpg,adult,pc,best-seller,amazon-products,techpickhub,shopping,pc,195284,unisex
195285,"UFO Magic Ball,Portable Glowing Flying Toys Creative Fly Saucer Stomp Magic Balls,Decompression Flying Flat Throw Disc Balls Toy for Childrens Outdoor Sports Kids Gift",Best Other Products,"Explore UFO Magic Ball,Portable Glowing Flying Toys Creative Fly Saucer Stomp Magic Balls,Decompression Flying Flat Throw Disc Balls Toy for Childrens Outdoor Sports Kids Gift in the other category on TechPickHub. Discover trending Amazon.com products, shopping deals, buyer favorites and top-rated ecommerce products.",https://aamirsidque.github.io/TechPickHub/other/page1371.html,https://m.media-amazon.com/images/I/51ciVgb1k-L._AC_UL320_.jpg,in stock,new,15.99 USD,15.99 USD,TechPickHub,Electronics,https://m.media-amazon.com/images/I/51ciVgb1k-L._AC_UL320_.jpg,adult,other,best-seller,amazon-products,techpickhub,shopping,other,195285,unisex
195286,"Half Watermelon Jumbo Squishies Fidget Toys, Sensory Push Bubble, Slow Rising Squishy Toys Galaxy Starry Packs Scented Squishy Squeeze Toy Stress Reliever Gift",Best Other Products,"Explore Half Watermelon Jumbo Squishies Fidget Toys, Sensory Push Bubble, Slow Rising Squishy Toys Galaxy Starry Packs Scented Squishy Squeeze Toy Stress Reliever Gift in the other category on TechPickHub. Discover trending Amazon.com products, shopping deals, buyer favorites and top-rated ecommerce products.",https://aamirsidque.github.io/TechPickHub/other/page1371.html,https://m.media-amazon.com/images/I/71QZgIOP9QS._AC_UL320_.jpg,in stock,new,12.98 USD,12.98 USD,TechPickHub,Electronics,https://m.media-amazon.com/images/I/71QZgIOP9QS._AC_UL320_.jpg,adult,other,best-seller,amazon-products,techpickhub,shopping,other,195286,unisex
195287,54 Pcs Baby Stacking Cups Toys 36 Pcs Sports Stacking Cups 18 Pcs Colorful Balls Color Sorting and Matching Game for Challenge Competition Travel Party Speed Training Pitching Fine Motor Skills,Best Pc Products,"Explore 54 Pcs Baby Stacking Cups Toys 36 Pcs Sports Stacking Cups 18 Pcs Colorful Balls Color Sorting and Matching Game for Challenge Competition Travel Party Speed Training Pitching Fine Motor Skills in the pc category on TechPickHub. Discover trending Amazon.com products, shopping deals, buyer favorites and top-rated ecommerce products.",https://aamirsidque.github.io/TechPickHub/pc/page140.html,https://m.media-amazon.com/images/I/61j25XcNjdL._AC_UL320_.jpg,in stock,new,17.99 USD,17.99 USD,TechPickHub,Electronics > Computers,https://m.media-amazon.com/images/I/61j25XcNjdL._AC_UL320_.jpg,adult,pc,best-seller,amazon-products,techpickhub,shopping,pc,195287,unisex
195288,"WIIBAAHO Toys for 1 2 3 Year Old Boy Girl, Toddler Toys Age 1-2, Baby Toys 12-18 Months Infant Toys Baby Truck Car Toys 1st Birthday Gifts",Best Other Products,"Explore WIIBAAHO Toys for 1 2 3 Year Old Boy Girl, Toddler Toys Age 1-2, Baby Toys 12-18 Months Infant Toys Baby Truck Car Toys 1st Birthday Gifts in the other category on TechPickHub. Discover trending Amazon.com products, shopping deals, buyer favorites and top-rated ecommerce products.",https://aamirsidque.github.io/TechPickHub/other/page1371.html,https://m.media-amazon.com/images/I/71gWvYbhYfL._AC_UL320_.jpg,in stock,new,12.99 USD,12.99 USD,TechPickHub,Electronics,https://m.media-amazon.com/images/I/71gWvYbhYfL._AC_UL320_.jpg,adult,other,best-seller,amazon-products,techpickhub,shopping,other,195288,unisex
195289,Adena Montessori Sorting Stacking Toy for Toddlers Colored Discs on 3 Colored Dowels,Best Other Products,"Explore Adena Montessori Sorting Stacking Toy for Toddlers Colored Discs on 3 Colored Dowels in the other category on TechPickHub. Discover trending Amazon.com products, shopping deals, buyer favorites and top-rated ecommerce products.",https://aamirsidque.github.io/TechPickHub/other/page1371.html,https://m.media-amazon.com/images/I/41tuvW8TLgL._AC_UL320_.jpg,in stock,new,23.95 USD,23.95 USD,TechPickHub,Electronics,https://m.media-amazon.com/images/I/41tuvW8TLgL._AC_UL320_.jpg,adult,other,best-seller,amazon-products,techpickhub,shopping,other,195289,unisex
195290,Montessori Toys for 1 2 3 Year Old Boy Girl Carrot Harvest Game Wooden Toy Preschool Educational Learning Toy Shape Sorter Toys Xmas Gifts for 1 2 3 year old Boy Girl Fine Motor Skill Game Toddler Toy,Best Other Products,"Explore Montessori Toys for 1 2 3 Year Old Boy Girl Carrot Harvest Game Wooden Toy Preschool Educational Learning Toy Shape Sorter Toys Xmas Gifts for 1 2 3 year old Boy Girl Fine Motor Skill Game Toddler Toy in the other category on TechPickHub. Discover trending Amazon.com products, shopping deals, buyer favorites and top-rated ecommerce products.",https://aamirsidque.github.io/TechPickHub/other/page1371.html,https://m.media-amazon.com/images/I/81T4c6a+ujL._AC_UL320_.jpg,in stock,new,14.99 USD,14.99 USD,TechPickHub,Electronics,https://m.media-amazon.com/images/I/81T4c6a+ujL._AC_UL320_.jpg,adult,other,best-seller,amazon-products,techpickhub,shopping,other,195290,unisex
195291,Charmspal Toddler Bath Toy Bubble - Crab Bath Toys for Kids - Bathtub Toys Musical Bubble Machine - Bath Toys with Suction Cups Music - Bath Gifts for Boys and Girls Tub Presents,Best Other Products,"Explore Charmspal Toddler Bath Toy Bubble - Crab Bath Toys for Kids - Bathtub Toys Musical Bubble Machine - Bath Toys with Suction Cups Music - Bath Gifts for Boys and Girls Tub Presents in the other category on TechPickHub. Discover trending Amazon.com products, shopping deals, buyer favorites and top-rated ecommerce products.",https://aamirsidque.github.io/TechPickHub/other/page1371.html,https://m.media-amazon.com/images/I/61E+vBfdOVL._AC_UL320_.jpg,in stock,new,13.97 USD,13.97 USD,TechPickHub,Electronics,https://m.media-amazon.com/images/I/61E+vBfdOVL._AC_UL320_.jpg,adult,other,best-seller,amazon-products,techpickhub,shopping,other,195291,unisex
195292,"nicknack Activity Cube Baby Toys, 6 in 1 Multi-Purpose Learning Cube with Music,Activity Center Shape Sorter Toy Gift for 18M+ Year Old Boy Girl Toddlers Kids",Best Other Products,"Explore nicknack Activity Cube Baby Toys, 6 in 1 Multi-Purpose Learning Cube with Music,Activity Center Shape Sorter Toy Gift for 18M+ Year Old Boy Girl Toddlers Kids in the other category on TechPickHub. Discover trending Amazon.com products, shopping deals, buyer favorites and top-rated ecommerce products.",https://aamirsidque.github.io/TechPickHub/other/page1371.html,https://m.media-amazon.com/images/I/61h7T6yDIfL._AC_UL320_.jpg,in stock,new,25.0 USD,25.0 USD,TechPickHub,Electronics,https://m.media-amazon.com/images/I/61h7T6yDIfL._AC_UL320_.jpg,adult,other,best-seller,amazon-products,techpickhub,shopping,other,195292,unisex
195293,"Teething Toys for Babies Over 3 Months Anti-Drop Cute Bear Teething Mitten Wrist Hand Teether Chew Toys for Infants Sucking Needs, Baby Teething Relief BPA-Free, 3 Pack",Best Other Products,"Explore Teething Toys for Babies Over 3 Months Anti-Drop Cute Bear Teething Mitten Wrist Hand Teether Chew Toys for Infants Sucking Needs, Baby Teething Relief BPA-Free, 3 Pack in the other category on TechPickHub. Discover trending Amazon.com products, shopping deals, buyer favorites and top-rated ecommerce products.",https://aamirsidque.github.io/TechPickHub/other/page1371.html,https://m.media-amazon.com/images/I/61LWDcpYKpL._AC_UL320_.jpg,in stock,new,15.99 USD,15.99 USD,TechPickHub,Electronics,https://m.media-amazon.com/images/I/61LWDcpYKpL._AC_UL320_.jpg,adult,other,best-seller,amazon-products,techpickhub,shopping,other,195293,unisex
195294,"Montessori Toys for Babies 6-12 Months, Baby Tissue Box Toy Soft Stuffed Crinkle, Magic Tissue Box Play Scarves for Babies Sensory Tissue Toys for Infants, Newborns Early Development & Activity Toys",Best Other Products,"Explore Montessori Toys for Babies 6-12 Months, Baby Tissue Box Toy Soft Stuffed Crinkle, Magic Tissue Box Play Scarves for Babies Sensory Tissue Toys for Infants, Newborns Early Development & Activity Toys in the other category on TechPickHub. Discover trending Amazon.com products, shopping deals, buyer favorites and top-rated ecommerce products.",https://aamirsidque.github.io/TechPickHub/other/page1371.html,https://m.media-amazon.com/images/I/71WZLQ8CsXL._AC_UL320_.jpg,in stock,new,10.99 USD,10.99 USD,TechPickHub,Electronics,https://m.media-amazon.com/images/I/71WZLQ8CsXL._AC_UL320_.jpg,adult,other,best-seller,amazon-products,techpickhub,shopping,other,195294,unisex
195295,Green Toys Stacking Cups - CB,Best Other Products,"Explore Green Toys Stacking Cups - CB in the other category on TechPickHub. Discover trending Amazon.com products, shopping deals, buyer favorites and top-rated ecommerce products.",https://aamirsidque.github.io/TechPickHub/other/page1371.html,https://m.media-amazon.com/images/I/71aR93qpjhL._AC_UL320_.jpg,in stock,new,10.6 USD,10.6 USD,TechPickHub,Electronics,https://m.media-amazon.com/images/I/71aR93qpjhL._AC_UL320_.jpg,adult,other,best-seller,amazon-products,techpickhub,shopping,other,195295,unisex
195296,"HAND LAND 12 Pack 2.55 inches LED Light Up Bouncy Spiky Ball ,2.55 Inch Glow in The Dark LED Spiky Sensory Stress Balls for Party Favors",Best Other Products,"Explore HAND LAND 12 Pack 2.55 inches LED Light Up Bouncy Spiky Ball ,2.55 Inch Glow in The Dark LED Spiky Sensory Stress Balls for Party Favors in the other category on TechPickHub. Discover trending Amazon.com products, shopping deals, buyer favorites and top-rated ecommerce products.",https://aamirsidque.github.io/TechPickHub/other/page1371.html,https://m.media-amazon.com/images/I/61F8D08y9ML._AC_UL320_.jpg,in stock,new,16.99 USD,16.99 USD,TechPickHub,Electronics,https://m.media-amazon.com/images/I/61F8D08y9ML._AC_UL320_.jpg,adult,other,best-seller,amazon-products,techpickhub,shopping,other,195296,unisex
195297,"Baby Soft Blocks, Stacking Building Blocks, Teething & Squeezing Dinosaur Toys for Babies, Montessori Blocks with Numbers Animals Fruits, Soft Baby Toy for Baby Infants Toddlers Age 6 to 12 Months Up.",Best Other Products,"Explore Baby Soft Blocks, Stacking Building Blocks, Teething & Squeezing Dinosaur Toys for Babies, Montessori Blocks with Numbers Animals Fruits, Soft Baby Toy for Baby Infants Toddlers Age 6 to 12 Months Up. in the other category on TechPickHub. Discover trending Amazon.com products, shopping deals, buyer favorites and top-rated ecommerce products.",https://aamirsidque.github.io/TechPickHub/other/page1371.html,https://m.media-amazon.com/images/I/71uvbUL+WmS._AC_UL320_.jpg,in stock,new,17.99 USD,17.99 USD,TechPickHub,Electronics,https://m.media-amazon.com/images/I/71uvbUL+WmS._AC_UL320_.jpg,adult,other,best-seller,amazon-products,techpickhub,shopping,other,195297,unisex
195298,"LogiBear Animal Baby Teether Ring for 6+ Months, Non-Toxic BPA Free Food Grade Silicone and Beech Wood, Baby Tested for Easy Grip and Soothing Teething Pain (Deer, Sage)",Best Other Products,"Explore LogiBear Animal Baby Teether Ring for 6+ Months, Non-Toxic BPA Free Food Grade Silicone and Beech Wood, Baby Tested for Easy Grip and Soothing Teething Pain (Deer, Sage) in the other category on TechPickHub. Discover trending Amazon.com products, shopping deals, buyer favorites and top-rated ecommerce products.",https://aamirsidque.github.io/TechPickHub/other/page1371.html,https://m.media-amazon.com/images/I/61yRNaog0BL._AC_UL320_.jpg,in stock,new,9.99 USD,9.99 USD,TechPickHub,Electronics,https://m.media-amazon.com/images/I/61yRNaog0BL._AC_UL320_.jpg,adult,other,best-seller,amazon-products,techpickhub,shopping,other,195298,unisex
195299,Parking Garage and Mini Fastback Blue/Green Bundle,Best Other Products,"Explore Parking Garage and Mini Fastback Blue/Green Bundle in the other category on TechPickHub. Discover trending Amazon.com products, shopping deals, buyer favorites and top-rated ecommerce products.",https://aamirsidque.github.io/TechPickHub/other/page1371.html,https://m.media-amazon.com/images/I/810WzISoB2L._AC_UL320_.jpg,in stock,new,39.99 USD,39.99 USD,TechPickHub,Electronics,https://m.media-amazon.com/images/I/810WzISoB2L._AC_UL320_.jpg,adult,other,best-seller,amazon-products,techpickhub,shopping,other,195299,unisex
195300,"Hearthsong Bouncy Inflatable Animal Jump-Along, 28”L x 13.5”W x 17.5”H, Hand Pump Included, 150 lbs., Ages 12 Months and Up, Fox",Best Other Products,"Explore Hearthsong Bouncy Inflatable Animal Jump-Along, 28”L x 13.5”W x 17.5”H, Hand Pump Included, 150 lbs., Ages 12 Months and Up, Fox in the other category on TechPickHub. Discover trending Amazon.com products, shopping deals, buyer favorites and top-rated ecommerce products.",https://aamirsidque.github.io/TechPickHub/other/page1371.html,https://m.media-amazon.com/images/I/71xOQ0hytkL._AC_UL320_.jpg,in stock,new,39.99 USD,39.99 USD,TechPickHub,Electronics,https://m.media-amazon.com/images/I/71xOQ0hytkL._AC_UL320_.jpg,adult,other,best-seller,amazon-products,techpickhub,shopping,other,195300,unisex
195301,Beatrix Potter Peter Rabbit Activity Toy,Best Other Products,"Explore Beatrix Potter Peter Rabbit Activity Toy in the other category on TechPickHub. Discover trending Amazon.com products, shopping deals, buyer favorites and top-rated ecommerce products.",https://aamirsidque.github.io/TechPickHub/other/page1371.html,https://m.media-amazon.com/images/I/71fBrbk3dDL._AC_UL320_.jpg,in stock,new,21.05 USD,21.05 USD,TechPickHub,Electronics,https://m.media-amazon.com/images/I/71fBrbk3dDL._AC_UL320_.jpg,adult,other,best-seller,amazon-products,techpickhub,shopping,other,195301,unisex
195302,"WOODMAM Wooden Activity Cube, 8-in-1 Montessori Toys for 1 Year Old - Includes Object Permanent Box, Carrot Harvest Game - One Year Old Gift for Boys and Girls, Preschool Educational Learning Toy",Best Other Products,"Explore WOODMAM Wooden Activity Cube, 8-in-1 Montessori Toys for 1 Year Old - Includes Object Permanent Box, Carrot Harvest Game - One Year Old Gift for Boys and Girls, Preschool Educational Learning Toy in the other category on TechPickHub. Discover trending Amazon.com products, shopping deals, buyer favorites and top-rated ecommerce products.",https://aamirsidque.github.io/TechPickHub/other/page1371.html,https://m.media-amazon.com/images/I/71HzZRB-gWL._AC_UL320_.jpg,in stock,new,24.98 USD,24.98 USD,TechPickHub,Electronics,https://m.media-amazon.com/images/I/71HzZRB-gWL._AC_UL320_.jpg,adult,other,best-seller,amazon-products,techpickhub,shopping,other,195302,unisex
195303,LEGO Bird's Nest 40639,Best Other Products,"Explore LEGO Bird's Nest 40639 in the other category on TechPickHub. Discover trending Amazon.com products, shopping deals, buyer favorites and top-rated ecommerce products.",https://aamirsidque.github.io/TechPickHub/other/page1371.html,https://m.media-amazon.com/images/I/61SV0CvtEXL._AC_UL320_.jpg,in stock,new,0.0 USD,0.0 USD,TechPickHub,Electronics,https://m.media-amazon.com/images/I/61SV0CvtEXL._AC_UL320_.jpg,adult,other,best-seller,amazon-products,techpickhub,shopping,other,195303,unisex
195304,"Mini Whack a Mole - Pack of 4 - Keychain| Fidget Toys, Stress Reliever, Sensory Toy | Interactive Toys for Toddlers, Kids, Teens, and Adults | Party Gifts for Friends | No Batteries Required",Best Other Products,"Explore Mini Whack a Mole - Pack of 4 - Keychain| Fidget Toys, Stress Reliever, Sensory Toy | Interactive Toys for Toddlers, Kids, Teens, and Adults | Party Gifts for Friends | No Batteries Required in the other category on TechPickHub. Discover trending Amazon.com products, shopping deals, buyer favorites and top-rated ecommerce products.",https://aamirsidque.github.io/TechPickHub/other/page1371.html,https://m.media-amazon.com/images/I/61cRICSH39L._AC_UL320_.jpg,in stock,new,15.99 USD,15.99 USD,TechPickHub,Electronics,https://m.media-amazon.com/images/I/61cRICSH39L._AC_UL320_.jpg,adult,other,best-seller,amazon-products,techpickhub,shopping,other,195304,unisex
195305,"HBselect 3 Pack Baby Teether Teething Mitten for Babies 0-6 Months Baby Teething Toy Silicone Infant Hand Teether Pacifiers Wrist Hand Chew Toys for Sucking Needs (Blue, Green, Yellow, Chick)",Best Other Products,"Explore HBselect 3 Pack Baby Teether Teething Mitten for Babies 0-6 Months Baby Teething Toy Silicone Infant Hand Teether Pacifiers Wrist Hand Chew Toys for Sucking Needs (Blue, Green, Yellow, Chick) in the other category on TechPickHub. Discover trending Amazon.com products, shopping deals, buyer favorites and top-rated ecommerce products.",https://aamirsidque.github.io/TechPickHub/other/page1371.html,https://m.media-amazon.com/images/I/61aswHbR5DL._AC_UL320_.jpg,in stock,new,9.99 USD,9.99 USD,TechPickHub,Electronics,https://m.media-amazon.com/images/I/61aswHbR5DL._AC_UL320_.jpg,adult,other,best-seller,amazon-products,techpickhub,shopping,other,195305,unisex
195306,GSBLUNIE Wooden Animals with Treelets Mini Teeter Totter Toy Montessori Balance Game for Concentration & Fine Motor Skills Early Learning Education Birthday Best Gifts for 1-3 Years Old Babies,Best Other Products,"Explore GSBLUNIE Wooden Animals with Treelets Mini Teeter Totter Toy Montessori Balance Game for Concentration & Fine Motor Skills Early Learning Education Birthday Best Gifts for 1-3 Years Old Babies in the other category on TechPickHub. Discover trending Amazon.com products, shopping deals, buyer favorites and top-rated ecommerce products.",https://aamirsidque.github.io/TechPickHub/other/page1371.html,https://m.media-amazon.com/images/I/61TwpF9faOL._AC_UL320_.jpg,in stock,new,16.99 USD,16.99 USD,TechPickHub,Electronics,https://m.media-amazon.com/images/I/61TwpF9faOL._AC_UL320_.jpg,adult,other,best-seller,amazon-products,techpickhub,shopping,other,195306,unisex
195307,"Baby Walker Sit-to-Stand Learning Walker Baby Walker Kids Activity Center, Entertainment Table Lights & Sounds, Music, Phone, Steering Wheel, Educational Push Toy for Babies, Toddlers (Blue)",Best Mobiles Products,"Explore Baby Walker Sit-to-Stand Learning Walker Baby Walker Kids Activity Center, Entertainment Table Lights & Sounds, Music, Phone, Steering Wheel, Educational Push Toy for Babies, Toddlers (Blue) in the mobiles category on TechPickHub. Discover trending Amazon.com products, shopping deals, buyer favorites and top-rated ecommerce products.",https://aamirsidque.github.io/TechPickHub/mobiles/page113.html,https://m.media-amazon.com/images/I/616naSrCtvL._AC_UL320_.jpg,in stock,new,39.99 USD,39.99 USD,TechPickHub,Electronics > Communications > Telephony > Mobile Phones,https://m.media-amazon.com/images/I/616naSrCtvL._AC_UL320_.jpg,adult,mobiles,best-seller,amazon-products,techpickhub,shopping,mobiles,195307,unisex
195308,"MEYOR Baby Teething Toys for Babies 6-12 Months, Food-Grade Silicone Teething Toys, Baby Chew Toys with Wooden Beads for Soothing Pain Teething Relief, BPA Free",Best Other Products,"Explore MEYOR Baby Teething Toys for Babies 6-12 Months, Food-Grade Silicone Teething Toys, Baby Chew Toys with Wooden Beads for Soothing Pain Teething Relief, BPA Free in the other category on TechPickHub. Discover trending Amazon.com products, shopping deals, buyer favorites and top-rated ecommerce products.",https://aamirsidque.github.io/TechPickHub/other/page1371.html,https://m.media-amazon.com/images/I/61yjQBxE+dL._AC_UL320_.jpg,in stock,new,13.99 USD,13.99 USD,TechPickHub,Electronics,https://m.media-amazon.com/images/I/61yjQBxE+dL._AC_UL320_.jpg,adult,other,best-seller,amazon-products,techpickhub,shopping,other,195308,unisex
195309,Astronaut Aliens Rubber Ducks | 12 Pack | Space Party Favors | 2 inch | for Ages 3 and Up,Best Other Products,"Explore Astronaut Aliens Rubber Ducks | 12 Pack | Space Party Favors | 2 inch | for Ages 3 and Up in the other category on TechPickHub. Discover trending Amazon.com products, shopping deals, buyer favorites and top-rated ecommerce products.",https://aamirsidque.github.io/TechPickHub/other/page1371.html,https://m.media-amazon.com/images/I/51P-gzDlgbL._AC_UL320_.jpg,in stock,new,14.95 USD,14.95 USD,TechPickHub,Electronics,https://m.media-amazon.com/images/I/51P-gzDlgbL._AC_UL320_.jpg,adult,other,best-seller,amazon-products,techpickhub,shopping,other,195309,unisex
195310,"beetoy My First Baby Rattle Toys Newborn Gift, Infant Soft Stuffed Animal Rattles Set, Infant Sensory Development Toys with Different Textures and Sounds Hand Grab Sensory Shaker for 0 3 6 9 Month",Best Other Products,"Explore beetoy My First Baby Rattle Toys Newborn Gift, Infant Soft Stuffed Animal Rattles Set, Infant Sensory Development Toys with Different Textures and Sounds Hand Grab Sensory Shaker for 0 3 6 9 Month in the other category on TechPickHub. Discover trending Amazon.com products, shopping deals, buyer favorites and top-rated ecommerce products.",https://aamirsidque.github.io/TechPickHub/other/page1371.html,https://m.media-amazon.com/images/I/71cNxI2dr5L._AC_UL320_.jpg,in stock,new,13.99 USD,13.99 USD,TechPickHub,Electronics,https://m.media-amazon.com/images/I/71cNxI2dr5L._AC_UL320_.jpg,adult,other,best-seller,amazon-products,techpickhub,shopping,other,195310,unisex
195311,"Toddle Baby Toys 6 to 12 Months - ABC Musical Learning Infant Toys 12-18 Months, Musical Animal STEM Cause and Effect Toys Music Toy Activity Center Sensory Toy Educational Toy",Best Other Products,"Explore Toddle Baby Toys 6 to 12 Months - ABC Musical Learning Infant Toys 12-18 Months, Musical Animal STEM Cause and Effect Toys Music Toy Activity Center Sensory Toy Educational Toy in the other category on TechPickHub. Discover trending Amazon.com products, shopping deals, buyer favorites and top-rated ecommerce products.",https://aamirsidque.github.io/TechPickHub/other/page1371.html,https://m.media-amazon.com/images/I/71rGEtJVlqL._AC_UL320_.jpg,in stock,new,19.99 USD,19.99 USD,TechPickHub,Electronics,https://m.media-amazon.com/images/I/71rGEtJVlqL._AC_UL320_.jpg,adult,other,best-seller,amazon-products,techpickhub,shopping,other,195311,unisex
195312,One Dozen (12) Camoflage Rubber Duck Party Favors,Best Other Products,"Explore One Dozen (12) Camoflage Rubber Duck Party Favors in the other category on TechPickHub. Discover trending Amazon.com products, shopping deals, buyer favorites and top-rated ecommerce products.",https://aamirsidque.github.io/TechPickHub/other/page1371.html,https://m.media-amazon.com/images/I/61AonSWYsfL._AC_UL320_.jpg,in stock,new,15.99 USD,15.99 USD,TechPickHub,Electronics,https://m.media-amazon.com/images/I/61AonSWYsfL._AC_UL320_.jpg,adult,other,best-seller,amazon-products,techpickhub,shopping,other,195312,unisex
195313,"GAOMON Foam Climbing Blocks for Toddlers and Preschoolers - Soft Climbing Indoor Set - Active Play Set for Climbing, Crawling, and Sliding, 4PCS",Best Pc Products,"Explore GAOMON Foam Climbing Blocks for Toddlers and Preschoolers - Soft Climbing Indoor Set - Active Play Set for Climbing, Crawling, and Sliding, 4PCS in the pc category on TechPickHub. Discover trending Amazon.com products, shopping deals, buyer favorites and top-rated ecommerce products.",https://aamirsidque.github.io/TechPickHub/pc/page140.html,https://m.media-amazon.com/images/I/515FNu8qyQL._AC_UL320_.jpg,in stock,new,149.0 USD,149.0 USD,TechPickHub,Electronics > Computers,https://m.media-amazon.com/images/I/515FNu8qyQL._AC_UL320_.jpg,adult,pc,best-seller,amazon-products,techpickhub,shopping,pc,195313,unisex
195314,"WYBG 25 Pieces Mini Wooden Hammer Wooden Solid Crab Lobster Mallet, Mini Wooden Crab Mallets, Small Wooden Mallet Shell Wood Cracker Hardwood Hammer Pounding Toy, Cracking Seafood Tool for Kids",Best Other Products,"Explore WYBG 25 Pieces Mini Wooden Hammer Wooden Solid Crab Lobster Mallet, Mini Wooden Crab Mallets, Small Wooden Mallet Shell Wood Cracker Hardwood Hammer Pounding Toy, Cracking Seafood Tool for Kids in the other category on TechPickHub. Discover trending Amazon.com products, shopping deals, buyer favorites and top-rated ecommerce products.",https://aamirsidque.github.io/TechPickHub/other/page1371.html,https://m.media-amazon.com/images/I/51PLR6NFIbL._AC_UL320_.jpg,in stock,new,7.98 USD,7.98 USD,TechPickHub,Electronics,https://m.media-amazon.com/images/I/51PLR6NFIbL._AC_UL320_.jpg,adult,other,best-seller,amazon-products,techpickhub,shopping,other,195314,unisex
195315,"Chew Necklace for Sensory Kids Girls Boys, 4 Pack Silicone Dinosaur Chewy Necklace Sensory for Kids with Autism, ADHD, Anxiety, SPD, Sensory Chew Toys Reduce Children Adults Chewing Fidgeting",Best Other Products,"Explore Chew Necklace for Sensory Kids Girls Boys, 4 Pack Silicone Dinosaur Chewy Necklace Sensory for Kids with Autism, ADHD, Anxiety, SPD, Sensory Chew Toys Reduce Children Adults Chewing Fidgeting in the other category on TechPickHub. Discover trending Amazon.com products, shopping deals, buyer favorites and top-rated ecommerce products.",https://aamirsidque.github.io/TechPickHub/other/page1371.html,https://m.media-amazon.com/images/I/51rwOcQVprL._AC_UL320_.jpg,in stock,new,11.99 USD,11.99 USD,TechPickHub,Electronics,https://m.media-amazon.com/images/I/51rwOcQVprL._AC_UL320_.jpg,adult,other,best-seller,amazon-products,techpickhub,shopping,other,195315,unisex
195316,"ODAPTO Wooden Activity Cube - Montessori Toys for 12+ Months Boy, Educational Learning Toys for Toddlers Age 1-2, First Birthday Gift | Music Knocking and Picking Carrots and Shape Matching",Best Other Products,"Explore ODAPTO Wooden Activity Cube - Montessori Toys for 12+ Months Boy, Educational Learning Toys for Toddlers Age 1-2, First Birthday Gift | Music Knocking and Picking Carrots and Shape Matching in the other category on TechPickHub. Discover trending Amazon.com products, shopping deals, buyer favorites and top-rated ecommerce products.",https://aamirsidque.github.io/TechPickHub/other/page1371.html,https://m.media-amazon.com/images/I/71IkYzY8MyL._AC_UL320_.jpg,in stock,new,15.99 USD,15.99 USD,TechPickHub,Electronics,https://m.media-amazon.com/images/I/71IkYzY8MyL._AC_UL320_.jpg,adult,other,best-seller,amazon-products,techpickhub,shopping,other,195316,unisex
195317,"Hape Happy Buckets Set | Three Water Wheel Bath Time Toys For Toddlers, Multicolor",Best Other Products,"Explore Hape Happy Buckets Set | Three Water Wheel Bath Time Toys For Toddlers, Multicolor in the other category on TechPickHub. Discover trending Amazon.com products, shopping deals, buyer favorites and top-rated ecommerce products.",https://aamirsidque.github.io/TechPickHub/other/page1371.html,https://m.media-amazon.com/images/I/41jPAYMFsFL._AC_UL320_.jpg,in stock,new,17.99 USD,17.99 USD,TechPickHub,Electronics,https://m.media-amazon.com/images/I/41jPAYMFsFL._AC_UL320_.jpg,adult,other,best-seller,amazon-products,techpickhub,shopping,other,195317,unisex
195318,Fisher Price K7166 Stack & Roll Cups Toy,Best Other Products,"Explore Fisher Price K7166 Stack & Roll Cups Toy in the other category on TechPickHub. Discover trending Amazon.com products, shopping deals, buyer favorites and top-rated ecommerce products.",https://aamirsidque.github.io/TechPickHub/other/page1371.html,https://m.media-amazon.com/images/I/51yjO7rKtPS._AC_UL320_.jpg,in stock,new,15.99 USD,15.99 USD,TechPickHub,Electronics,https://m.media-amazon.com/images/I/51yjO7rKtPS._AC_UL320_.jpg,adult,other,best-seller,amazon-products,techpickhub,shopping,other,195318,unisex
195319,"SOPPYCID Baby Bath Toys for Toddlers 1-3, Animal Shape Water Toys, Quick Self Fill Toys for Babies, Soft Silicone Bathub Toys with Mesh Bag, Baby Bath Essentials, Gift for Toddler Boys and Girls",Best Bags Products,"Explore SOPPYCID Baby Bath Toys for Toddlers 1-3, Animal Shape Water Toys, Quick Self Fill Toys for Babies, Soft Silicone Bathub Toys with Mesh Bag, Baby Bath Essentials, Gift for Toddler Boys and Girls in the bags category on TechPickHub. Discover trending Amazon.com products, shopping deals, buyer favorites and top-rated ecommerce products.",https://aamirsidque.github.io/TechPickHub/bags/page33.html,https://m.media-amazon.com/images/I/71Y0avQNcML._AC_UL320_.jpg,in stock,new,16.99 USD,16.99 USD,TechPickHub,"Apparel & Accessories > Handbags, Wallets & Cases",https://m.media-amazon.com/images/I/71Y0avQNcML._AC_UL320_.jpg,adult,bags,best-seller,amazon-products,techpickhub,shopping,bags,195319,unisex
195320,"Cosermart Baby Fruit Food Feeder Pacifier Pink- Supersoft Silicone Mesh Teether, Girl Boy Milk Frozen Teethers, Relief Teething Toys for Babies 0-6-12-18 Months (Include Extra Storage Case)",Best Other Products,"Explore Cosermart Baby Fruit Food Feeder Pacifier Pink- Supersoft Silicone Mesh Teether, Girl Boy Milk Frozen Teethers, Relief Teething Toys for Babies 0-6-12-18 Months (Include Extra Storage Case) in the other category on TechPickHub. Discover trending Amazon.com products, shopping deals, buyer favorites and top-rated ecommerce products.",https://aamirsidque.github.io/TechPickHub/other/page1371.html,https://m.media-amazon.com/images/I/7177fnviZAL._AC_UL320_.jpg,in stock,new,9.99 USD,9.99 USD,TechPickHub,Electronics,https://m.media-amazon.com/images/I/7177fnviZAL._AC_UL320_.jpg,adult,other,best-seller,amazon-products,techpickhub,shopping,other,195320,unisex
195321,"Skip Hop Zoo Baby Bath Toy, Tip & Spin Boat, Shark/Narwhal",Best Other Products,"Explore Skip Hop Zoo Baby Bath Toy, Tip & Spin Boat, Shark/Narwhal in the other category on TechPickHub. Discover trending Amazon.com products, shopping deals, buyer favorites and top-rated ecommerce products.",https://aamirsidque.github.io/TechPickHub/other/page1372.html,https://m.media-amazon.com/images/I/617QA-jIEIL._AC_UL320_.jpg,in stock,new,7.29 USD,7.29 USD,TechPickHub,Electronics,https://m.media-amazon.com/images/I/617QA-jIEIL._AC_UL320_.jpg,adult,other,best-seller,amazon-products,techpickhub,shopping,other,195321,unisex
195322,20pcs Mini Rubber Ducks Valentines Day Party Favors Small 2.36” Assorted Pink Red White Squeaky Duckies in Bulk Love Heart Ducks Treats Giveaways for Kids Cupcake Topper,Best Pc Products,"Explore 20pcs Mini Rubber Ducks Valentines Day Party Favors Small 2.36” Assorted Pink Red White Squeaky Duckies in Bulk Love Heart Ducks Treats Giveaways for Kids Cupcake Topper in the pc category on TechPickHub. Discover trending Amazon.com products, shopping deals, buyer favorites and top-rated ecommerce products.",https://aamirsidque.github.io/TechPickHub/pc/page140.html,https://m.media-amazon.com/images/I/71ns-ou7K2L._AC_UL320_.jpg,in stock,new,9.49 USD,9.49 USD,TechPickHub,Electronics > Computers,https://m.media-amazon.com/images/I/71ns-ou7K2L._AC_UL320_.jpg,adult,pc,best-seller,amazon-products,techpickhub,shopping,pc,195322,unisex
195323,"Apricot Lamb Baby Stroller or Car Seat Activity and Teething Toy, Features Plush Cow Character, Gentle Rattle Sound & Soft Teether, 8.5 Inches",Best Other Products,"Explore Apricot Lamb Baby Stroller or Car Seat Activity and Teething Toy, Features Plush Cow Character, Gentle Rattle Sound & Soft Teether, 8.5 Inches in the other category on TechPickHub. Discover trending Amazon.com products, shopping deals, buyer favorites and top-rated ecommerce products.",https://aamirsidque.github.io/TechPickHub/other/page1372.html,https://m.media-amazon.com/images/I/51T18CDQQDL._AC_UL320_.jpg,in stock,new,17.99 USD,17.99 USD,TechPickHub,Electronics,https://m.media-amazon.com/images/I/51T18CDQQDL._AC_UL320_.jpg,adult,other,best-seller,amazon-products,techpickhub,shopping,other,195323,unisex
195324,"Toddler Bath Toys Mold Free Bathtub Toys, Bath Toys for Toddlers 1-3 Pool Bathroom Bath Time Submarine Set, Pool Toys for Toddlers Infant Boys Girls Birthday Gifts Age 1 2 3 4 5 6 Year Old (Animal)",Best Other Products,"Explore Toddler Bath Toys Mold Free Bathtub Toys, Bath Toys for Toddlers 1-3 Pool Bathroom Bath Time Submarine Set, Pool Toys for Toddlers Infant Boys Girls Birthday Gifts Age 1 2 3 4 5 6 Year Old (Animal) in the other category on TechPickHub. Discover trending Amazon.com products, shopping deals, buyer favorites and top-rated ecommerce products.",https://aamirsidque.github.io/TechPickHub/other/page1372.html,https://m.media-amazon.com/images/I/61RFzijsdjS._AC_UL320_.jpg,in stock,new,17.99 USD,17.99 USD,TechPickHub,Electronics,https://m.media-amazon.com/images/I/61RFzijsdjS._AC_UL320_.jpg,adult,other,best-seller,amazon-products,techpickhub,shopping,other,195324,unisex
195325,"Rockin' Rider Coffee Stable Horse Ride On, Brown, Large",Best Other Products,"Explore Rockin' Rider Coffee Stable Horse Ride On, Brown, Large in the other category on TechPickHub. Discover trending Amazon.com products, shopping deals, buyer favorites and top-rated ecommerce products.",https://aamirsidque.github.io/TechPickHub/other/page1372.html,https://m.media-amazon.com/images/I/919+-Kvj1XL._AC_UL320_.jpg,in stock,new,95.0 USD,95.0 USD,TechPickHub,Electronics,https://m.media-amazon.com/images/I/919+-Kvj1XL._AC_UL320_.jpg,adult,other,best-seller,amazon-products,techpickhub,shopping,other,195325,unisex
195326,150 Pieces Yellow Rubber Ducks with 150 Pieces Sunglasses Mini Bath Ducks Float Pool Ducks Bulk Toys for Baby Shower Birthday Party Supplies Favor,Best Other Products,"Explore 150 Pieces Yellow Rubber Ducks with 150 Pieces Sunglasses Mini Bath Ducks Float Pool Ducks Bulk Toys for Baby Shower Birthday Party Supplies Favor in the other category on TechPickHub. Discover trending Amazon.com products, shopping deals, buyer favorites and top-rated ecommerce products.",https://aamirsidque.github.io/TechPickHub/other/page1372.html,https://m.media-amazon.com/images/I/714kf+VCAwL._AC_UL320_.jpg,in stock,new,29.99 USD,29.99 USD,TechPickHub,Electronics,https://m.media-amazon.com/images/I/714kf+VCAwL._AC_UL320_.jpg,adult,other,best-seller,amazon-products,techpickhub,shopping,other,195326,unisex
195327,Silli Chews Remote Teether for Baby Unisex Fake Pretend Play TV Remote Control Toy Toddler Chewmote Favorite Baby Teether Infant Silicone Teething Toy Black Silly Chew Toys for Kids,Best Tv Products,"Explore Silli Chews Remote Teether for Baby Unisex Fake Pretend Play TV Remote Control Toy Toddler Chewmote Favorite Baby Teether Infant Silicone Teething Toy Black Silly Chew Toys for Kids in the tv category on TechPickHub. Discover trending Amazon.com products, shopping deals, buyer favorites and top-rated ecommerce products.",https://aamirsidque.github.io/TechPickHub/tv/page34.html,https://m.media-amazon.com/images/I/51nXI7EI4gL._AC_UL320_.jpg,in stock,new,13.99 USD,13.99 USD,TechPickHub,Electronics > Video > Televisions,https://m.media-amazon.com/images/I/51nXI7EI4gL._AC_UL320_.jpg,adult,tv,best-seller,amazon-products,techpickhub,shopping,tv,195327,unisex
195328,"Rukkawwa Matching Letters Dinosaur Toys 26 Pcs ABCs for Kids 3-5, Double-Sided Educational Toys with Uppercase Lowercase, Preschool Learning Toys for Toddlers 3 Year Old, Fine Motor Skills Game",Best Pc Products,"Explore Rukkawwa Matching Letters Dinosaur Toys 26 Pcs ABCs for Kids 3-5, Double-Sided Educational Toys with Uppercase Lowercase, Preschool Learning Toys for Toddlers 3 Year Old, Fine Motor Skills Game in the pc category on TechPickHub. Discover trending Amazon.com products, shopping deals, buyer favorites and top-rated ecommerce products.",https://aamirsidque.github.io/TechPickHub/pc/page140.html,https://m.media-amazon.com/images/I/71Yr5mc4qFL._AC_UL320_.jpg,in stock,new,22.99 USD,22.99 USD,TechPickHub,Electronics > Computers,https://m.media-amazon.com/images/I/71Yr5mc4qFL._AC_UL320_.jpg,adult,pc,best-seller,amazon-products,techpickhub,shopping,pc,195328,unisex
195329,Manhattan Toy Whoozit Orbit Teether Soft Activity and Travel Toy,Best Other Products,"Explore Manhattan Toy Whoozit Orbit Teether Soft Activity and Travel Toy in the other category on TechPickHub. Discover trending Amazon.com products, shopping deals, buyer favorites and top-rated ecommerce products.",https://aamirsidque.github.io/TechPickHub/other/page1372.html,https://m.media-amazon.com/images/I/61Vw26oQJaL._AC_UL320_.jpg,in stock,new,13.57 USD,13.57 USD,TechPickHub,Electronics,https://m.media-amazon.com/images/I/61Vw26oQJaL._AC_UL320_.jpg,adult,other,best-seller,amazon-products,techpickhub,shopping,other,195329,unisex
195330,Aurora® Rideable Giddy-Up Friends™ Dark Brown Pony Stuffed Animal - Active Fun - Imaginative Adventures - Brown 37 Inches,Best Other Products,"Explore Aurora® Rideable Giddy-Up Friends™ Dark Brown Pony Stuffed Animal - Active Fun - Imaginative Adventures - Brown 37 Inches in the other category on TechPickHub. Discover trending Amazon.com products, shopping deals, buyer favorites and top-rated ecommerce products.",https://aamirsidque.github.io/TechPickHub/other/page1372.html,https://m.media-amazon.com/images/I/81qlBgkgVbL._AC_UL320_.jpg,in stock,new,29.29 USD,29.29 USD,TechPickHub,Electronics,https://m.media-amazon.com/images/I/81qlBgkgVbL._AC_UL320_.jpg,adult,other,best-seller,amazon-products,techpickhub,shopping,other,195330,unisex
195331,"2 Pack Baby Teething Toys,Baby Teether,Vcnoeo Anti-Drop Wrist Teether, Chewing Toys Suitable for Babies Over 3 Months Old, for Soothing Teething Pain (Dark Pink Caramel)",Best Other Products,"Explore 2 Pack Baby Teething Toys,Baby Teether,Vcnoeo Anti-Drop Wrist Teether, Chewing Toys Suitable for Babies Over 3 Months Old, for Soothing Teething Pain (Dark Pink Caramel) in the other category on TechPickHub. Discover trending Amazon.com products, shopping deals, buyer favorites and top-rated ecommerce products.",https://aamirsidque.github.io/TechPickHub/other/page1372.html,https://m.media-amazon.com/images/I/51P9PQro4ZL._AC_UL320_.jpg,in stock,new,9.98 USD,9.98 USD,TechPickHub,Electronics,https://m.media-amazon.com/images/I/51P9PQro4ZL._AC_UL320_.jpg,adult,other,best-seller,amazon-products,techpickhub,shopping,other,195331,unisex
195332,"Rhode Island Novelty 45MM 1.75 Inch Hi Bounce Ball Assortment, 50 Balls per Order",Best Other Products,"Explore Rhode Island Novelty 45MM 1.75 Inch Hi Bounce Ball Assortment, 50 Balls per Order in the other category on TechPickHub. Discover trending Amazon.com products, shopping deals, buyer favorites and top-rated ecommerce products.",https://aamirsidque.github.io/TechPickHub/other/page1372.html,https://m.media-amazon.com/images/I/517Z8Skx8qL._AC_UL320_.jpg,in stock,new,32.56 USD,32.56 USD,TechPickHub,Electronics,https://m.media-amazon.com/images/I/517Z8Skx8qL._AC_UL320_.jpg,adult,other,best-seller,amazon-products,techpickhub,shopping,other,195332,unisex
195333,"18 Pieces Light up Balls Light up Spike Rubber Ball Party Favors Fidget Spiky Toy Stress Relief Led Flashing Spiky Balls with Rope Flash Squeaky Ball for Adults, Teens",Best Other Products,"Explore 18 Pieces Light up Balls Light up Spike Rubber Ball Party Favors Fidget Spiky Toy Stress Relief Led Flashing Spiky Balls with Rope Flash Squeaky Ball for Adults, Teens in the other category on TechPickHub. Discover trending Amazon.com products, shopping deals, buyer favorites and top-rated ecommerce products.",https://aamirsidque.github.io/TechPickHub/other/page1372.html,https://m.media-amazon.com/images/I/81kMk-Li6AL._AC_UL320_.jpg,in stock,new,17.99 USD,17.99 USD,TechPickHub,Electronics,https://m.media-amazon.com/images/I/81kMk-Li6AL._AC_UL320_.jpg,adult,other,best-seller,amazon-products,techpickhub,shopping,other,195333,unisex
195334,Playgo Toys Enterprises Ltd. Bounce N' Roll Ball On A Header Card Styles May Vary Baby Toy (1515),Best Other Products,"Explore Playgo Toys Enterprises Ltd. Bounce N' Roll Ball On A Header Card Styles May Vary Baby Toy (1515) in the other category on TechPickHub. Discover trending Amazon.com products, shopping deals, buyer favorites and top-rated ecommerce products.",https://aamirsidque.github.io/TechPickHub/other/page1372.html,https://m.media-amazon.com/images/I/81zihVB1I4L._AC_UL320_.jpg,in stock,new,10.99 USD,10.99 USD,TechPickHub,Electronics,https://m.media-amazon.com/images/I/81zihVB1I4L._AC_UL320_.jpg,adult,other,best-seller,amazon-products,techpickhub,shopping,other,195334,unisex
195335,"Early Learning Centre Blossom Farm Jumbo Activity Cow, Sensory Infant Toy, Kids Toys for Ages 0+, Amazon Exclusive",Best Other Products,"Explore Early Learning Centre Blossom Farm Jumbo Activity Cow, Sensory Infant Toy, Kids Toys for Ages 0+, Amazon Exclusive in the other category on TechPickHub. Discover trending Amazon.com products, shopping deals, buyer favorites and top-rated ecommerce products.",https://aamirsidque.github.io/TechPickHub/other/page1372.html,https://m.media-amazon.com/images/I/818f2XliHCL._AC_UL320_.jpg,in stock,new,21.99 USD,21.99 USD,TechPickHub,Electronics,https://m.media-amazon.com/images/I/818f2XliHCL._AC_UL320_.jpg,adult,other,best-seller,amazon-products,techpickhub,shopping,other,195335,unisex
195336,PROLOSO 12 Pack LED Spinning Tops Light Up Spinner Flashing UFO with Gyroscope,Best Other Products,"Explore PROLOSO 12 Pack LED Spinning Tops Light Up Spinner Flashing UFO with Gyroscope in the other category on TechPickHub. Discover trending Amazon.com products, shopping deals, buyer favorites and top-rated ecommerce products.",https://aamirsidque.github.io/TechPickHub/other/page1372.html,https://m.media-amazon.com/images/I/81V0k83Q6xL._AC_UL320_.jpg,in stock,new,13.99 USD,13.99 USD,TechPickHub,Electronics,https://m.media-amazon.com/images/I/81V0k83Q6xL._AC_UL320_.jpg,adult,other,best-seller,amazon-products,techpickhub,shopping,other,195336,unisex
195337,merka Baby Bath Books for Toddler Waterproof Bathtime Books 4 Floatable Plastic Books Thank You Sorry Hi Bye Please Waterproof Bath Books for Toddlers,Best Other Products,"Explore merka Baby Bath Books for Toddler Waterproof Bathtime Books 4 Floatable Plastic Books Thank You Sorry Hi Bye Please Waterproof Bath Books for Toddlers in the other category on TechPickHub. Discover trending Amazon.com products, shopping deals, buyer favorites and top-rated ecommerce products.",https://aamirsidque.github.io/TechPickHub/other/page1372.html,https://m.media-amazon.com/images/I/81keXNmB1YL._AC_UL320_.jpg,in stock,new,29.99 USD,29.99 USD,TechPickHub,Electronics,https://m.media-amazon.com/images/I/81keXNmB1YL._AC_UL320_.jpg,adult,other,best-seller,amazon-products,techpickhub,shopping,other,195337,unisex
195338,"132 PCS Fine Motor Skills Toys Sensory Bin Filler, Includes 120 Heart Acrylic Gems, 4 Tweezers, 2 Scissors Clips, 6 Cups for Boys Girls Preschool Learning Sorting Counting Montessori Toys",Best Pc Products,"Explore 132 PCS Fine Motor Skills Toys Sensory Bin Filler, Includes 120 Heart Acrylic Gems, 4 Tweezers, 2 Scissors Clips, 6 Cups for Boys Girls Preschool Learning Sorting Counting Montessori Toys in the pc category on TechPickHub. Discover trending Amazon.com products, shopping deals, buyer favorites and top-rated ecommerce products.",https://aamirsidque.github.io/TechPickHub/pc/page140.html,https://m.media-amazon.com/images/I/81U5IqJGR0L._AC_UL320_.jpg,in stock,new,15.99 USD,15.99 USD,TechPickHub,Electronics > Computers,https://m.media-amazon.com/images/I/81U5IqJGR0L._AC_UL320_.jpg,adult,pc,best-seller,amazon-products,techpickhub,shopping,pc,195338,unisex
195339,"Wood Spinning Tops, Multicolored Painted Kids Novelty Wooden Gyroscopes, Fun Flip Tops, Assorted Standard Tops, Kindergarten Education Toys - Party Favors, Prize, Great Gift, 10 Pcs/Set (Colorful)",Best Pc Products,"Explore Wood Spinning Tops, Multicolored Painted Kids Novelty Wooden Gyroscopes, Fun Flip Tops, Assorted Standard Tops, Kindergarten Education Toys - Party Favors, Prize, Great Gift, 10 Pcs/Set (Colorful) in the pc category on TechPickHub. Discover trending Amazon.com products, shopping deals, buyer favorites and top-rated ecommerce products.",https://aamirsidque.github.io/TechPickHub/pc/page140.html,https://m.media-amazon.com/images/I/71FtVhf8uSL._AC_UL320_.jpg,in stock,new,9.99 USD,9.99 USD,TechPickHub,Electronics > Computers,https://m.media-amazon.com/images/I/71FtVhf8uSL._AC_UL320_.jpg,adult,pc,best-seller,amazon-products,techpickhub,shopping,pc,195339,unisex
195340,"24 Sets Jazz Band Musical Instruments Rubber Ducks with Mini Felt Top Hats, Bowties, Instrument, Sunglasses, Bathtub Tiny Ducks Rubber Duckies Bulk for Ducky Baby Shower Game Birthday Party Pool Gift",Best Other Products,"Explore 24 Sets Jazz Band Musical Instruments Rubber Ducks with Mini Felt Top Hats, Bowties, Instrument, Sunglasses, Bathtub Tiny Ducks Rubber Duckies Bulk for Ducky Baby Shower Game Birthday Party Pool Gift in the other category on TechPickHub. Discover trending Amazon.com products, shopping deals, buyer favorites and top-rated ecommerce products.",https://aamirsidque.github.io/TechPickHub/other/page1372.html,https://m.media-amazon.com/images/I/81sX+-6asCL._AC_UL320_.jpg,in stock,new,18.99 USD,18.99 USD,TechPickHub,Electronics,https://m.media-amazon.com/images/I/81sX+-6asCL._AC_UL320_.jpg,adult,other,best-seller,amazon-products,techpickhub,shopping,other,195340,unisex
195341,KELZ KIDZ Durable Large Squishy Water Bead Stress Balls (12 Pack) - Great Sensory Toy for Anxiety Relief for Children and Adults - Helps Calm Kids with ADHD & Autism,Best Other Products,"Explore KELZ KIDZ Durable Large Squishy Water Bead Stress Balls (12 Pack) - Great Sensory Toy for Anxiety Relief for Children and Adults - Helps Calm Kids with ADHD & Autism in the other category on TechPickHub. Discover trending Amazon.com products, shopping deals, buyer favorites and top-rated ecommerce products.",https://aamirsidque.github.io/TechPickHub/other/page1372.html,https://m.media-amazon.com/images/I/81u+Vim3d3L._AC_UL320_.jpg,in stock,new,22.83 USD,22.83 USD,TechPickHub,Electronics,https://m.media-amazon.com/images/I/81u+Vim3d3L._AC_UL320_.jpg,adult,other,best-seller,amazon-products,techpickhub,shopping,other,195341,unisex
195342,Just Think Toys WaterBlocks Bathtime Building Tug Boat (15 pcs),Best Pc Products,"Explore Just Think Toys WaterBlocks Bathtime Building Tug Boat (15 pcs) in the pc category on TechPickHub. Discover trending Amazon.com products, shopping deals, buyer favorites and top-rated ecommerce products.",https://aamirsidque.github.io/TechPickHub/pc/page140.html,https://m.media-amazon.com/images/I/91BfMW2RQhL._AC_UL320_.jpg,in stock,new,14.99 USD,14.99 USD,TechPickHub,Electronics > Computers,https://m.media-amazon.com/images/I/91BfMW2RQhL._AC_UL320_.jpg,adult,pc,best-seller,amazon-products,techpickhub,shopping,pc,195342,unisex
195343,"STJOYOPY Musical Smart Remote Car Key Toy with Sound and Light for Baby, Kids and Toddlers (Not Included Batteries) (Pink)",Best Other Products,"Explore STJOYOPY Musical Smart Remote Car Key Toy with Sound and Light for Baby, Kids and Toddlers (Not Included Batteries) (Pink) in the other category on TechPickHub. Discover trending Amazon.com products, shopping deals, buyer favorites and top-rated ecommerce products.",https://aamirsidque.github.io/TechPickHub/other/page1372.html,https://m.media-amazon.com/images/I/51Yv7n+thWS._AC_UL320_.jpg,in stock,new,12.99 USD,12.99 USD,TechPickHub,Electronics,https://m.media-amazon.com/images/I/51Yv7n+thWS._AC_UL320_.jpg,adult,other,best-seller,amazon-products,techpickhub,shopping,other,195343,unisex
195344,Manhattan Toy Playful Pony Wooden Toddler Activity Center,Best Other Products,"Explore Manhattan Toy Playful Pony Wooden Toddler Activity Center in the other category on TechPickHub. Discover trending Amazon.com products, shopping deals, buyer favorites and top-rated ecommerce products.",https://aamirsidque.github.io/TechPickHub/other/page1372.html,https://m.media-amazon.com/images/I/71gCLa1Y-0L._AC_UL320_.jpg,in stock,new,89.99 USD,89.99 USD,TechPickHub,Electronics,https://m.media-amazon.com/images/I/71gCLa1Y-0L._AC_UL320_.jpg,adult,other,best-seller,amazon-products,techpickhub,shopping,other,195344,unisex
195345,Prime Time Toys Hurricane Reusable Water Balls Toy (3-Pack/Colors May Vary),Best Other Products,"Explore Prime Time Toys Hurricane Reusable Water Balls Toy (3-Pack/Colors May Vary) in the other category on TechPickHub. Discover trending Amazon.com products, shopping deals, buyer favorites and top-rated ecommerce products.",https://aamirsidque.github.io/TechPickHub/other/page1372.html,https://m.media-amazon.com/images/I/81CwGPB485L._AC_UL320_.jpg,in stock,new,10.99 USD,10.99 USD,TechPickHub,Electronics,https://m.media-amazon.com/images/I/81CwGPB485L._AC_UL320_.jpg,adult,other,best-seller,amazon-products,techpickhub,shopping,other,195345,unisex
195346,"KIDS PREFERRED Disney Baby Mickey Roll Out Soft Book, Black and White High Contrast Crinkle Plush, Boys and Girls Ages 0+, Stroller On The Go (81257)",Best Other Products,"Explore KIDS PREFERRED Disney Baby Mickey Roll Out Soft Book, Black and White High Contrast Crinkle Plush, Boys and Girls Ages 0+, Stroller On The Go (81257) in the other category on TechPickHub. Discover trending Amazon.com products, shopping deals, buyer favorites and top-rated ecommerce products.",https://aamirsidque.github.io/TechPickHub/other/page1372.html,https://m.media-amazon.com/images/I/61g16MWidWL._AC_UL320_.jpg,in stock,new,17.0 USD,17.0 USD,TechPickHub,Electronics,https://m.media-amazon.com/images/I/61g16MWidWL._AC_UL320_.jpg,adult,other,best-seller,amazon-products,techpickhub,shopping,other,195346,unisex
195347,LAVIEVERT Activity Center Play Cube 10-in-1 Bead Maze Shape Sorter Multipurpose Educational Toy Wooden Learning Game for Toddlers & Kids,Best Other Products,"Explore LAVIEVERT Activity Center Play Cube 10-in-1 Bead Maze Shape Sorter Multipurpose Educational Toy Wooden Learning Game for Toddlers & Kids in the other category on TechPickHub. Discover trending Amazon.com products, shopping deals, buyer favorites and top-rated ecommerce products.",https://aamirsidque.github.io/TechPickHub/other/page1372.html,https://m.media-amazon.com/images/I/81UUiEXIqaL._AC_UL320_.jpg,in stock,new,29.99 USD,29.99 USD,TechPickHub,Electronics,https://m.media-amazon.com/images/I/81UUiEXIqaL._AC_UL320_.jpg,adult,other,best-seller,amazon-products,techpickhub,shopping,other,195347,unisex
195348,"Apricot Lamb Baby Spiral Car Seat & Stroller Activity Toy, Features Plush Giraffe Character Hanging Rattles Toys, Gentle Rattle Sound & Soft Teether, 8-26 Inches",Best Other Products,"Explore Apricot Lamb Baby Spiral Car Seat & Stroller Activity Toy, Features Plush Giraffe Character Hanging Rattles Toys, Gentle Rattle Sound & Soft Teether, 8-26 Inches in the other category on TechPickHub. Discover trending Amazon.com products, shopping deals, buyer favorites and top-rated ecommerce products.",https://aamirsidque.github.io/TechPickHub/other/page1372.html,https://m.media-amazon.com/images/I/61R6EE8rUrL._AC_UL320_.jpg,in stock,new,18.99 USD,18.99 USD,TechPickHub,Electronics,https://m.media-amazon.com/images/I/61R6EE8rUrL._AC_UL320_.jpg,adult,other,best-seller,amazon-products,techpickhub,shopping,other,195348,unisex
195349,Funsland Stroller Toy and Car Seat Toy for Infants Hanging Rattle Toy Clip on Toy for Crib Stroller Car Seat Baby Toy for Baby Boys and Girls,Best Other Products,"Explore Funsland Stroller Toy and Car Seat Toy for Infants Hanging Rattle Toy Clip on Toy for Crib Stroller Car Seat Baby Toy for Baby Boys and Girls in the other category on TechPickHub. Discover trending Amazon.com products, shopping deals, buyer favorites and top-rated ecommerce products.",https://aamirsidque.github.io/TechPickHub/other/page1372.html,https://m.media-amazon.com/images/I/61W75BWeeUL._AC_UL320_.jpg,in stock,new,14.96 USD,14.96 USD,TechPickHub,Electronics,https://m.media-amazon.com/images/I/61W75BWeeUL._AC_UL320_.jpg,adult,other,best-seller,amazon-products,techpickhub,shopping,other,195349,unisex
195350,Hanukkah Fillable Dreidel Assorted Colors Can Be Filled with Hanukkah Gelt Or Hanukkah Chocolate (12-Pack),Best Other Products,"Explore Hanukkah Fillable Dreidel Assorted Colors Can Be Filled with Hanukkah Gelt Or Hanukkah Chocolate (12-Pack) in the other category on TechPickHub. Discover trending Amazon.com products, shopping deals, buyer favorites and top-rated ecommerce products.",https://aamirsidque.github.io/TechPickHub/other/page1372.html,https://m.media-amazon.com/images/I/91ehd1VBnSL._AC_UL320_.jpg,in stock,new,21.99 USD,21.99 USD,TechPickHub,Electronics,https://m.media-amazon.com/images/I/91ehd1VBnSL._AC_UL320_.jpg,adult,other,best-seller,amazon-products,techpickhub,shopping,other,195350,unisex
195351,Toddmomy Teething Rings 4Pcs Baby Gym Wood Toys Wooden Hanging Toy Wood Activity Pendant Hanging Toy Dangling Teething Soother Sensory Toys Nursery Decor Montessori Play Gym,Best Pc Products,"Explore Toddmomy Teething Rings 4Pcs Baby Gym Wood Toys Wooden Hanging Toy Wood Activity Pendant Hanging Toy Dangling Teething Soother Sensory Toys Nursery Decor Montessori Play Gym in the pc category on TechPickHub. Discover trending Amazon.com products, shopping deals, buyer favorites and top-rated ecommerce products.",https://aamirsidque.github.io/TechPickHub/pc/page140.html,https://m.media-amazon.com/images/I/61e2RjuXMnL._AC_UL320_.jpg,in stock,new,10.82 USD,10.82 USD,TechPickHub,Electronics > Computers,https://m.media-amazon.com/images/I/61e2RjuXMnL._AC_UL320_.jpg,adult,pc,best-seller,amazon-products,techpickhub,shopping,pc,195351,unisex
195352,"Bruin Pound a Train, AD20882",Best Other Products,"Explore Bruin Pound a Train, AD20882 in the other category on TechPickHub. Discover trending Amazon.com products, shopping deals, buyer favorites and top-rated ecommerce products.",https://aamirsidque.github.io/TechPickHub/other/page1372.html,https://m.media-amazon.com/images/I/71JQ--w9MWL._AC_UL320_.jpg,in stock,new,6.29 USD,6.29 USD,TechPickHub,Electronics,https://m.media-amazon.com/images/I/71JQ--w9MWL._AC_UL320_.jpg,adult,other,best-seller,amazon-products,techpickhub,shopping,other,195352,unisex
195353,"deAO Kids Steering Wheel Toy with Light & Sound, 360° Rotation Driving Simulated Toy Set Included Car Key, Portable Pretend Driving Play Toy Steering Wheel Early Learning Educational Toys for Kids",Best Other Products,"Explore deAO Kids Steering Wheel Toy with Light & Sound, 360° Rotation Driving Simulated Toy Set Included Car Key, Portable Pretend Driving Play Toy Steering Wheel Early Learning Educational Toys for Kids in the other category on TechPickHub. Discover trending Amazon.com products, shopping deals, buyer favorites and top-rated ecommerce products.",https://aamirsidque.github.io/TechPickHub/other/page1372.html,https://m.media-amazon.com/images/I/71Ml-JaSxSL._AC_UL320_.jpg,in stock,new,21.99 USD,21.99 USD,TechPickHub,Electronics,https://m.media-amazon.com/images/I/71Ml-JaSxSL._AC_UL320_.jpg,adult,other,best-seller,amazon-products,techpickhub,shopping,other,195353,unisex
195354,"FLYINGSEEDS 40000 PCS Non Toxic Water Beads Sensory Toys, Pirate Themed Sensory Bins Treasure Game for Toddlers, Pool & Decor Inflatable Mat, Best Gifts for Boys with Educational Learning Tools",Best Pc Products,"Explore FLYINGSEEDS 40000 PCS Non Toxic Water Beads Sensory Toys, Pirate Themed Sensory Bins Treasure Game for Toddlers, Pool & Decor Inflatable Mat, Best Gifts for Boys with Educational Learning Tools in the pc category on TechPickHub. Discover trending Amazon.com products, shopping deals, buyer favorites and top-rated ecommerce products.",https://aamirsidque.github.io/TechPickHub/pc/page140.html,https://m.media-amazon.com/images/I/81h9isQucZL._AC_UL320_.jpg,in stock,new,21.99 USD,21.99 USD,TechPickHub,Electronics > Computers,https://m.media-amazon.com/images/I/81h9isQucZL._AC_UL320_.jpg,adult,pc,best-seller,amazon-products,techpickhub,shopping,pc,195354,unisex
195355,"10 Pack: Numbers Counting Rubber Ducks Colorful Bath Toys - 1, 2, 3 Learn to Count Numeracy Early Learning Educational Bathtime Squeak Duckies Bathtub Set for Kids, Toddlers",Best Other Products,"Explore 10 Pack: Numbers Counting Rubber Ducks Colorful Bath Toys - 1, 2, 3 Learn to Count Numeracy Early Learning Educational Bathtime Squeak Duckies Bathtub Set for Kids, Toddlers in the other category on TechPickHub. Discover trending Amazon.com products, shopping deals, buyer favorites and top-rated ecommerce products.",https://aamirsidque.github.io/TechPickHub/other/page1372.html,https://m.media-amazon.com/images/I/61GUtLov9TL._AC_UL320_.jpg,in stock,new,11.99 USD,11.99 USD,TechPickHub,Electronics,https://m.media-amazon.com/images/I/61GUtLov9TL._AC_UL320_.jpg,adult,other,best-seller,amazon-products,techpickhub,shopping,other,195355,unisex
195356,"TwKueor Baby Shape Sorting Cube with Kitchen Cutting Fruit Toys, Sensory Bin with Colorful Elastic Rope for Toddlers, Babies and Kids Early Educational Montessori Learning Developmental STEM Toys",Best Other Products,"Explore TwKueor Baby Shape Sorting Cube with Kitchen Cutting Fruit Toys, Sensory Bin with Colorful Elastic Rope for Toddlers, Babies and Kids Early Educational Montessori Learning Developmental STEM Toys in the other category on TechPickHub. Discover trending Amazon.com products, shopping deals, buyer favorites and top-rated ecommerce products.",https://aamirsidque.github.io/TechPickHub/other/page1372.html,https://m.media-amazon.com/images/I/81IvORNXFmL._AC_UL320_.jpg,in stock,new,12.99 USD,12.99 USD,TechPickHub,Electronics,https://m.media-amazon.com/images/I/81IvORNXFmL._AC_UL320_.jpg,adult,other,best-seller,amazon-products,techpickhub,shopping,other,195356,unisex
195357,Tinabless Montessori Toys for Babies 6 12 18 Months Dinosaur Baby Sensory Fine Motor Skills Developmental Toys - Birthday Gifts for 6 9 12 18 Month Age 1 2 3 4 One Two Year Old Boys Girls Kids,Best Other Products,"Explore Tinabless Montessori Toys for Babies 6 12 18 Months Dinosaur Baby Sensory Fine Motor Skills Developmental Toys - Birthday Gifts for 6 9 12 18 Month Age 1 2 3 4 One Two Year Old Boys Girls Kids in the other category on TechPickHub. Discover trending Amazon.com products, shopping deals, buyer favorites and top-rated ecommerce products.",https://aamirsidque.github.io/TechPickHub/other/page1372.html,https://m.media-amazon.com/images/I/71+5mo81TYL._AC_UL320_.jpg,in stock,new,13.45 USD,13.45 USD,TechPickHub,Electronics,https://m.media-amazon.com/images/I/71+5mo81TYL._AC_UL320_.jpg,adult,other,best-seller,amazon-products,techpickhub,shopping,other,195357,unisex
195358,"ArtCreativity Sharks & Rays in Mesh Bag, Pack of 12 Sea Creature Figurines in Assorted Designs, Bath Water Toys for Kids, Ocean Life Party Décor, Party Favors for Boys and Girls",Best Bags Products,"Explore ArtCreativity Sharks & Rays in Mesh Bag, Pack of 12 Sea Creature Figurines in Assorted Designs, Bath Water Toys for Kids, Ocean Life Party Décor, Party Favors for Boys and Girls in the bags category on TechPickHub. Discover trending Amazon.com products, shopping deals, buyer favorites and top-rated ecommerce products.",https://aamirsidque.github.io/TechPickHub/bags/page33.html,https://m.media-amazon.com/images/I/71oB2ZCyGOL._AC_UL320_.jpg,in stock,new,13.97 USD,13.97 USD,TechPickHub,"Apparel & Accessories > Handbags, Wallets & Cases",https://m.media-amazon.com/images/I/71oB2ZCyGOL._AC_UL320_.jpg,adult,bags,best-seller,amazon-products,techpickhub,shopping,bags,195358,unisex
195359,"SIRELI Collection, Set of 4 Fruit Shaped Teethers, BPA Free, Food Grade Silicone, Teething Toy, Baby 3 Months+, Soothe Sore Gums, Vibrant Colors, Easy to Hold, Gift Pack Girls Boys, 3-6 6-12 Months",Best Other Products,"Explore SIRELI Collection, Set of 4 Fruit Shaped Teethers, BPA Free, Food Grade Silicone, Teething Toy, Baby 3 Months+, Soothe Sore Gums, Vibrant Colors, Easy to Hold, Gift Pack Girls Boys, 3-6 6-12 Months in the other category on TechPickHub. Discover trending Amazon.com products, shopping deals, buyer favorites and top-rated ecommerce products.",https://aamirsidque.github.io/TechPickHub/other/page1372.html,https://m.media-amazon.com/images/I/71znhU9x1LL._AC_UL320_.jpg,in stock,new,18.95 USD,18.95 USD,TechPickHub,Electronics,https://m.media-amazon.com/images/I/71znhU9x1LL._AC_UL320_.jpg,adult,other,best-seller,amazon-products,techpickhub,shopping,other,195359,unisex
195360,"Stacking Blocks, 6Pcs Baby Blocks Stacking Toys for Toddlers, Early Educational Learning Montessori Toys for Babies, Toddler Blocks Baby Sensory Toys Birthday Gifts for Boys and Girls 18 Months+",Best Pc Products,"Explore Stacking Blocks, 6Pcs Baby Blocks Stacking Toys for Toddlers, Early Educational Learning Montessori Toys for Babies, Toddler Blocks Baby Sensory Toys Birthday Gifts for Boys and Girls 18 Months+ in the pc category on TechPickHub. Discover trending Amazon.com products, shopping deals, buyer favorites and top-rated ecommerce products.",https://aamirsidque.github.io/TechPickHub/pc/page140.html,https://m.media-amazon.com/images/I/61DfKum5s1L._AC_UL320_.jpg,in stock,new,9.99 USD,9.99 USD,TechPickHub,Electronics > Computers,https://m.media-amazon.com/images/I/61DfKum5s1L._AC_UL320_.jpg,adult,pc,best-seller,amazon-products,techpickhub,shopping,pc,195360,unisex
195361,"TOP BRIGHT Wooden Activity Cube, Educational Toys for 1 One Year Old Girls and Boys, Baby Girl First Birthday Gifts",Best Other Products,"Explore TOP BRIGHT Wooden Activity Cube, Educational Toys for 1 One Year Old Girls and Boys, Baby Girl First Birthday Gifts in the other category on TechPickHub. Discover trending Amazon.com products, shopping deals, buyer favorites and top-rated ecommerce products.",https://aamirsidque.github.io/TechPickHub/other/page1372.html,https://m.media-amazon.com/images/I/71onZ-k54wL._AC_UL320_.jpg,in stock,new,35.99 USD,35.99 USD,TechPickHub,Electronics,https://m.media-amazon.com/images/I/71onZ-k54wL._AC_UL320_.jpg,adult,other,best-seller,amazon-products,techpickhub,shopping,other,195361,unisex
195362,"Woodenland Wooden Baby Walker, Toddler Push Walking Toy, Learning Activity Stroller, Sit to Stand Walker for Girls and Boys 1-3 Years Old",Best Other Products,"Explore Woodenland Wooden Baby Walker, Toddler Push Walking Toy, Learning Activity Stroller, Sit to Stand Walker for Girls and Boys 1-3 Years Old in the other category on TechPickHub. Discover trending Amazon.com products, shopping deals, buyer favorites and top-rated ecommerce products.",https://aamirsidque.github.io/TechPickHub/other/page1372.html,https://m.media-amazon.com/images/I/61RPT-qXD0L._AC_UL320_.jpg,in stock,new,59.99 USD,59.99 USD,TechPickHub,Electronics,https://m.media-amazon.com/images/I/61RPT-qXD0L._AC_UL320_.jpg,adult,other,best-seller,amazon-products,techpickhub,shopping,other,195362,unisex
195363,6PACK Baby Toy Cars for 1 Year Old Boy Construction Vehicle Friction Powered Cars Toddler Toys for 1 2 3 Year Old Boy Push & Go Cars Christmas Stocking Stuffers Baby Toys 12-18 Month Boy Girl Gift,Best Other Products,"Explore 6PACK Baby Toy Cars for 1 Year Old Boy Construction Vehicle Friction Powered Cars Toddler Toys for 1 2 3 Year Old Boy Push & Go Cars Christmas Stocking Stuffers Baby Toys 12-18 Month Boy Girl Gift in the other category on TechPickHub. Discover trending Amazon.com products, shopping deals, buyer favorites and top-rated ecommerce products.",https://aamirsidque.github.io/TechPickHub/other/page1372.html,https://m.media-amazon.com/images/I/81-zpbImLGL._AC_UL320_.jpg,in stock,new,19.99 USD,19.99 USD,TechPickHub,Electronics,https://m.media-amazon.com/images/I/81-zpbImLGL._AC_UL320_.jpg,adult,other,best-seller,amazon-products,techpickhub,shopping,other,195363,unisex
195364,"Kidoozie Bathtime Baby, 12-Inch Doll, Bath tub and Accessories for Kids, Pretend Play, Ages 3 and up (G02566)",Best Other Products,"Explore Kidoozie Bathtime Baby, 12-Inch Doll, Bath tub and Accessories for Kids, Pretend Play, Ages 3 and up (G02566) in the other category on TechPickHub. Discover trending Amazon.com products, shopping deals, buyer favorites and top-rated ecommerce products.",https://aamirsidque.github.io/TechPickHub/other/page1372.html,https://m.media-amazon.com/images/I/61i3tqsZJ-L._AC_UL320_.jpg,in stock,new,19.99 USD,19.99 USD,TechPickHub,Electronics,https://m.media-amazon.com/images/I/61i3tqsZJ-L._AC_UL320_.jpg,adult,other,best-seller,amazon-products,techpickhub,shopping,other,195364,unisex
195365,"Giraffe Shower Bath Toys Set with Shower Head 2 Wind-Up Swimming Toys, Suction Rotating Toys Bathtub Water Pump Summer Essentials for Toddlers Age 1-3",Best Other Products,"Explore Giraffe Shower Bath Toys Set with Shower Head 2 Wind-Up Swimming Toys, Suction Rotating Toys Bathtub Water Pump Summer Essentials for Toddlers Age 1-3 in the other category on TechPickHub. Discover trending Amazon.com products, shopping deals, buyer favorites and top-rated ecommerce products.",https://aamirsidque.github.io/TechPickHub/other/page1372.html,https://m.media-amazon.com/images/I/710WovNQQtL._AC_UL320_.jpg,in stock,new,18.23 USD,18.23 USD,TechPickHub,Electronics,https://m.media-amazon.com/images/I/710WovNQQtL._AC_UL320_.jpg,adult,other,best-seller,amazon-products,techpickhub,shopping,other,195365,unisex
195366,"Bath Toys, 9 Pcs Light Up Floating Animal Set, Flashing Color Changing Light in Water, Bathtub Tubs Bathrooms Pool Dinosaur Toys for Baby Kid Toddler Child Boy Girl in Birthday Easter Christmas",Best Pc Products,"Explore Bath Toys, 9 Pcs Light Up Floating Animal Set, Flashing Color Changing Light in Water, Bathtub Tubs Bathrooms Pool Dinosaur Toys for Baby Kid Toddler Child Boy Girl in Birthday Easter Christmas in the pc category on TechPickHub. Discover trending Amazon.com products, shopping deals, buyer favorites and top-rated ecommerce products.",https://aamirsidque.github.io/TechPickHub/pc/page140.html,https://m.media-amazon.com/images/I/71Fi2pnU4WL._AC_UL320_.jpg,in stock,new,12.99 USD,12.99 USD,TechPickHub,Electronics > Computers,https://m.media-amazon.com/images/I/71Fi2pnU4WL._AC_UL320_.jpg,adult,pc,best-seller,amazon-products,techpickhub,shopping,pc,195366,unisex
195367,"Sakiyrmai Baby Toys Gifts, Light Up Baby Toys Newborn Baby Musical Toys, Plush Elephant Infant Toys for Babies Boys & Girls Toddlers 0-6 6-12 Months 1-2 Years Old-Upgraded",Best Other Products,"Explore Sakiyrmai Baby Toys Gifts, Light Up Baby Toys Newborn Baby Musical Toys, Plush Elephant Infant Toys for Babies Boys & Girls Toddlers 0-6 6-12 Months 1-2 Years Old-Upgraded in the other category on TechPickHub. Discover trending Amazon.com products, shopping deals, buyer favorites and top-rated ecommerce products.",https://aamirsidque.github.io/TechPickHub/other/page1372.html,https://m.media-amazon.com/images/I/812D+GerlnL._AC_UL320_.jpg,in stock,new,14.99 USD,14.99 USD,TechPickHub,Electronics,https://m.media-amazon.com/images/I/812D+GerlnL._AC_UL320_.jpg,adult,other,best-seller,amazon-products,techpickhub,shopping,other,195367,unisex
195368,"TEKOR Wooden Teether Car - Natural Birch Wood Teething Toy for Baby, Toddler Montessori Toy - Easy Grasping for Motor Development Sensory Skills, Handcrafted, Smooth, No Rough Edges (Colored Wheels)",Best Other Products,"Explore TEKOR Wooden Teether Car - Natural Birch Wood Teething Toy for Baby, Toddler Montessori Toy - Easy Grasping for Motor Development Sensory Skills, Handcrafted, Smooth, No Rough Edges (Colored Wheels) in the other category on TechPickHub. Discover trending Amazon.com products, shopping deals, buyer favorites and top-rated ecommerce products.",https://aamirsidque.github.io/TechPickHub/other/page1372.html,https://m.media-amazon.com/images/I/61G3GIeZvgL._AC_UL320_.jpg,in stock,new,7.99 USD,7.99 USD,TechPickHub,Electronics,https://m.media-amazon.com/images/I/61G3GIeZvgL._AC_UL320_.jpg,adult,other,best-seller,amazon-products,techpickhub,shopping,other,195368,unisex
195369,Curious Melodies Wooden Toys Stacking and Balancing - Advanced Small River Rocks | Nature Toy Block Sets,Best Other Products,"Explore Curious Melodies Wooden Toys Stacking and Balancing - Advanced Small River Rocks | Nature Toy Block Sets in the other category on TechPickHub. Discover trending Amazon.com products, shopping deals, buyer favorites and top-rated ecommerce products.",https://aamirsidque.github.io/TechPickHub/other/page1372.html,https://m.media-amazon.com/images/I/71XWa7jiMeL._AC_UL320_.jpg,in stock,new,19.99 USD,19.99 USD,TechPickHub,Electronics,https://m.media-amazon.com/images/I/71XWa7jiMeL._AC_UL320_.jpg,adult,other,best-seller,amazon-products,techpickhub,shopping,other,195369,unisex
195370,Store On Wheels 2 Inch Rubber Ducks - Bag of 50 Assorted Mini Glitter Rubber Duckies,Best Bags Products,"Explore Store On Wheels 2 Inch Rubber Ducks - Bag of 50 Assorted Mini Glitter Rubber Duckies in the bags category on TechPickHub. Discover trending Amazon.com products, shopping deals, buyer favorites and top-rated ecommerce products.",https://aamirsidque.github.io/TechPickHub/bags/page33.html,https://m.media-amazon.com/images/I/91r5yaUU1bL._AC_UL320_.jpg,in stock,new,33.88 USD,33.88 USD,TechPickHub,"Apparel & Accessories > Handbags, Wallets & Cases",https://m.media-amazon.com/images/I/91r5yaUU1bL._AC_UL320_.jpg,adult,bags,best-seller,amazon-products,techpickhub,shopping,bags,195370,unisex
195371,"WALIKI Pounding Bench with Hammer, Wood Shape Sorter Box, Rainbow Stacker, Pastel Colors, Complete Set (3 Wooden Toys Bundle)",Best Other Products,"Explore WALIKI Pounding Bench with Hammer, Wood Shape Sorter Box, Rainbow Stacker, Pastel Colors, Complete Set (3 Wooden Toys Bundle) in the other category on TechPickHub. Discover trending Amazon.com products, shopping deals, buyer favorites and top-rated ecommerce products.",https://aamirsidque.github.io/TechPickHub/other/page1372.html,https://m.media-amazon.com/images/I/618HFx8y-JL._AC_UL320_.jpg,in stock,new,39.99 USD,39.99 USD,TechPickHub,Electronics,https://m.media-amazon.com/images/I/618HFx8y-JL._AC_UL320_.jpg,adult,other,best-seller,amazon-products,techpickhub,shopping,other,195371,unisex
195372,"CHILDLIKE BEHAVIOR Soft Silicone Building Blocks - Baby Montessori Sensory Toys - Stacking Blocks for Babies 6 Months & Up - Colorful Educational Toys for Learning Numbers, Shapes, Color",Best Other Products,"Explore CHILDLIKE BEHAVIOR Soft Silicone Building Blocks - Baby Montessori Sensory Toys - Stacking Blocks for Babies 6 Months & Up - Colorful Educational Toys for Learning Numbers, Shapes, Color in the other category on TechPickHub. Discover trending Amazon.com products, shopping deals, buyer favorites and top-rated ecommerce products.",https://aamirsidque.github.io/TechPickHub/other/page1372.html,https://m.media-amazon.com/images/I/71988X-VrAL._AC_UL320_.jpg,in stock,new,8.99 USD,8.99 USD,TechPickHub,Electronics,https://m.media-amazon.com/images/I/71988X-VrAL._AC_UL320_.jpg,adult,other,best-seller,amazon-products,techpickhub,shopping,other,195372,unisex
195373,Haconba 30 Pieces Colorful Wood Tops Wooden Spinning Gyroscope Toy Painted Spinner for Kids Family Games Educational Toy,Best Other Products,"Explore Haconba 30 Pieces Colorful Wood Tops Wooden Spinning Gyroscope Toy Painted Spinner for Kids Family Games Educational Toy in the other category on TechPickHub. Discover trending Amazon.com products, shopping deals, buyer favorites and top-rated ecommerce products.",https://aamirsidque.github.io/TechPickHub/other/page1372.html,https://m.media-amazon.com/images/I/81YjY2mk64L._AC_UL320_.jpg,in stock,new,13.98 USD,13.98 USD,TechPickHub,Electronics,https://m.media-amazon.com/images/I/81YjY2mk64L._AC_UL320_.jpg,adult,other,best-seller,amazon-products,techpickhub,shopping,other,195373,unisex
195374,"ECR4Kids SoftZone Crawl and Climb Playtime Playset, Building Blocks, Assorted, 6-Piece",Best Other Products,"Explore ECR4Kids SoftZone Crawl and Climb Playtime Playset, Building Blocks, Assorted, 6-Piece in the other category on TechPickHub. Discover trending Amazon.com products, shopping deals, buyer favorites and top-rated ecommerce products.",https://aamirsidque.github.io/TechPickHub/other/page1372.html,https://m.media-amazon.com/images/I/61IQk3M+0uL._AC_UL320_.jpg,in stock,new,107.4 USD,107.4 USD,TechPickHub,Electronics,https://m.media-amazon.com/images/I/61IQk3M+0uL._AC_UL320_.jpg,adult,other,best-seller,amazon-products,techpickhub,shopping,other,195374,unisex
195375,Liberty Imports Zombie Whack-a-Mole Game for Kids - Mini Electronic Tabletop Arcade Toy with 2 Hammers and Interactive Hammering & Pounding Family Fun,Best Other Products,"Explore Liberty Imports Zombie Whack-a-Mole Game for Kids - Mini Electronic Tabletop Arcade Toy with 2 Hammers and Interactive Hammering & Pounding Family Fun in the other category on TechPickHub. Discover trending Amazon.com products, shopping deals, buyer favorites and top-rated ecommerce products.",https://aamirsidque.github.io/TechPickHub/other/page1372.html,https://m.media-amazon.com/images/I/71VekJIE8UL._AC_UL320_.jpg,in stock,new,27.95 USD,27.95 USD,TechPickHub,Electronics,https://m.media-amazon.com/images/I/71VekJIE8UL._AC_UL320_.jpg,adult,other,best-seller,amazon-products,techpickhub,shopping,other,195375,unisex
195376,Small World Toys Neurosmith - Music Blocks,Best Other Products,"Explore Small World Toys Neurosmith - Music Blocks in the other category on TechPickHub. Discover trending Amazon.com products, shopping deals, buyer favorites and top-rated ecommerce products.",https://aamirsidque.github.io/TechPickHub/other/page1372.html,https://m.media-amazon.com/images/I/71VYG8UoS0L._AC_UL320_.jpg,in stock,new,79.99 USD,79.99 USD,TechPickHub,Electronics,https://m.media-amazon.com/images/I/71VYG8UoS0L._AC_UL320_.jpg,adult,other,best-seller,amazon-products,techpickhub,shopping,other,195376,unisex
195377,Jerify 100 Pcs Mini Rubber Ducks Bath Duck with Sunglasses and Gold Chain Rubber Duck in Bulk Floating Bathtub Toys Birthday Party Favors Christmas Carnival Gifts Decorative Gifts,Best Pc Products,"Explore Jerify 100 Pcs Mini Rubber Ducks Bath Duck with Sunglasses and Gold Chain Rubber Duck in Bulk Floating Bathtub Toys Birthday Party Favors Christmas Carnival Gifts Decorative Gifts in the pc category on TechPickHub. Discover trending Amazon.com products, shopping deals, buyer favorites and top-rated ecommerce products.",https://aamirsidque.github.io/TechPickHub/pc/page140.html,https://m.media-amazon.com/images/I/81TOyfqQoKL._AC_UL320_.jpg,in stock,new,32.99 USD,32.99 USD,TechPickHub,Electronics > Computers,https://m.media-amazon.com/images/I/81TOyfqQoKL._AC_UL320_.jpg,adult,pc,best-seller,amazon-products,techpickhub,shopping,pc,195377,unisex
195378,"BOBUEXER Educational Toys for 2 3 Year Old Girl Boy -Stacking Toys,Montessori Toys for 1 2 3 Year Old,Kids Preschool Educational Toys Fine Motor Skills Learning Games",Best Other Products,"Explore BOBUEXER Educational Toys for 2 3 Year Old Girl Boy -Stacking Toys,Montessori Toys for 1 2 3 Year Old,Kids Preschool Educational Toys Fine Motor Skills Learning Games in the other category on TechPickHub. Discover trending Amazon.com products, shopping deals, buyer favorites and top-rated ecommerce products.",https://aamirsidque.github.io/TechPickHub/other/page1372.html,https://m.media-amazon.com/images/I/71jbzVuJN+L._AC_UL320_.jpg,in stock,new,12.99 USD,12.99 USD,TechPickHub,Electronics,https://m.media-amazon.com/images/I/71jbzVuJN+L._AC_UL320_.jpg,adult,other,best-seller,amazon-products,techpickhub,shopping,other,195378,unisex
195379,"Moonlite Storybook Reels for Flashlight Projector, Kids Toddler | Where is Baby’s Belly Button | Single Reel Pack Story for 12 Months and Up",Best Other Products,"Explore Moonlite Storybook Reels for Flashlight Projector, Kids Toddler | Where is Baby’s Belly Button | Single Reel Pack Story for 12 Months and Up in the other category on TechPickHub. Discover trending Amazon.com products, shopping deals, buyer favorites and top-rated ecommerce products.",https://aamirsidque.github.io/TechPickHub/other/page1372.html,https://m.media-amazon.com/images/I/71P0scaozCL._AC_UL320_.jpg,in stock,new,6.0 USD,6.0 USD,TechPickHub,Electronics,https://m.media-amazon.com/images/I/71P0scaozCL._AC_UL320_.jpg,adult,other,best-seller,amazon-products,techpickhub,shopping,other,195379,unisex
195380,Nanoblock The Banks of The Seine in Paris NBH_192,Best Other Products,"Explore Nanoblock The Banks of The Seine in Paris NBH_192 in the other category on TechPickHub. Discover trending Amazon.com products, shopping deals, buyer favorites and top-rated ecommerce products.",https://aamirsidque.github.io/TechPickHub/other/page1372.html,https://m.media-amazon.com/images/I/81VwhECcTCL._AC_UL320_.jpg,in stock,new,20.0 USD,20.0 USD,TechPickHub,Electronics,https://m.media-amazon.com/images/I/81VwhECcTCL._AC_UL320_.jpg,adult,other,best-seller,amazon-products,techpickhub,shopping,other,195380,unisex
195381,Curious Melodies Wooden Toys Nesting Rainbow Stacking Blocks - Wave | Nature Toy Block Sets,Best Other Products,"Explore Curious Melodies Wooden Toys Nesting Rainbow Stacking Blocks - Wave | Nature Toy Block Sets in the other category on TechPickHub. Discover trending Amazon.com products, shopping deals, buyer favorites and top-rated ecommerce products.",https://aamirsidque.github.io/TechPickHub/other/page1372.html,https://m.media-amazon.com/images/I/613NvHO6huL._AC_UL320_.jpg,in stock,new,26.99 USD,26.99 USD,TechPickHub,Electronics,https://m.media-amazon.com/images/I/613NvHO6huL._AC_UL320_.jpg,adult,other,best-seller,amazon-products,techpickhub,shopping,other,195381,unisex
195382,"Zimpli Kids Gelli Baff Blue from, 1 Bath Pack, Turn Water Into Colourful Goo, Children's Sensory and Bath Toy, Certified Biodegradable Gift",Best Other Products,"Explore Zimpli Kids Gelli Baff Blue from, 1 Bath Pack, Turn Water Into Colourful Goo, Children's Sensory and Bath Toy, Certified Biodegradable Gift in the other category on TechPickHub. Discover trending Amazon.com products, shopping deals, buyer favorites and top-rated ecommerce products.",https://aamirsidque.github.io/TechPickHub/other/page1372.html,https://m.media-amazon.com/images/I/717nb-geAjL._AC_UL320_.jpg,in stock,new,14.78 USD,14.78 USD,TechPickHub,Electronics,https://m.media-amazon.com/images/I/717nb-geAjL._AC_UL320_.jpg,adult,other,best-seller,amazon-products,techpickhub,shopping,other,195382,unisex
195383,PlanToys First Stacking Rings Baby Toy - Sustainably Made from Rubberwood Featuring Organic-Pigment Coloring and Water-Based Dyes with Collapsible Central Rod for Safety,Best Other Products,"Explore PlanToys First Stacking Rings Baby Toy - Sustainably Made from Rubberwood Featuring Organic-Pigment Coloring and Water-Based Dyes with Collapsible Central Rod for Safety in the other category on TechPickHub. Discover trending Amazon.com products, shopping deals, buyer favorites and top-rated ecommerce products.",https://aamirsidque.github.io/TechPickHub/other/page1372.html,https://m.media-amazon.com/images/I/512oAZvhigL._AC_UL320_.jpg,in stock,new,15.0 USD,15.0 USD,TechPickHub,Electronics,https://m.media-amazon.com/images/I/512oAZvhigL._AC_UL320_.jpg,adult,other,best-seller,amazon-products,techpickhub,shopping,other,195383,unisex
195384,DEMDACO Arnie Alligator Mint Green Children's Plush Rattle Blankie,Best Other Products,"Explore DEMDACO Arnie Alligator Mint Green Children's Plush Rattle Blankie in the other category on TechPickHub. Discover trending Amazon.com products, shopping deals, buyer favorites and top-rated ecommerce products.",https://aamirsidque.github.io/TechPickHub/other/page1372.html,https://m.media-amazon.com/images/I/81IojHThr-L._AC_UL320_.jpg,in stock,new,22.95 USD,22.95 USD,TechPickHub,Electronics,https://m.media-amazon.com/images/I/81IojHThr-L._AC_UL320_.jpg,adult,other,best-seller,amazon-products,techpickhub,shopping,other,195384,unisex
195385,Chewy Tubes Chewy Q - 1 Orange Smooth Q Oral Sensory Mouth Exerciser Teether,Best Other Products,"Explore Chewy Tubes Chewy Q - 1 Orange Smooth Q Oral Sensory Mouth Exerciser Teether in the other category on TechPickHub. Discover trending Amazon.com products, shopping deals, buyer favorites and top-rated ecommerce products.",https://aamirsidque.github.io/TechPickHub/other/page1372.html,https://m.media-amazon.com/images/I/71Fp75rEasL._AC_UL320_.jpg,in stock,new,8.44 USD,8.44 USD,TechPickHub,Electronics,https://m.media-amazon.com/images/I/71Fp75rEasL._AC_UL320_.jpg,adult,other,best-seller,amazon-products,techpickhub,shopping,other,195385,unisex
195386,BRIO World - 33833 Central Fire Station | 12 Piece Toy for Kids with Fire Truck and Accessories for Kids Ages 3 and Up,Best Other Products,"Explore BRIO World - 33833 Central Fire Station | 12 Piece Toy for Kids with Fire Truck and Accessories for Kids Ages 3 and Up in the other category on TechPickHub. Discover trending Amazon.com products, shopping deals, buyer favorites and top-rated ecommerce products.",https://aamirsidque.github.io/TechPickHub/other/page1372.html,https://m.media-amazon.com/images/I/81bUQKfg4ZL._AC_UL320_.jpg,in stock,new,93.86 USD,93.86 USD,TechPickHub,Electronics,https://m.media-amazon.com/images/I/81bUQKfg4ZL._AC_UL320_.jpg,adult,other,best-seller,amazon-products,techpickhub,shopping,other,195386,unisex
195387,"Peaceable Kingdom Dynamic Dinosaurs Bath Puzzles - Bath Toys for Toddlers – Foam Bath Puzzles for Kids Ages 18 Months+ - Boost Fine Motor Skills (17 Pieces, 5 Puzzles)",Best Other Products,"Explore Peaceable Kingdom Dynamic Dinosaurs Bath Puzzles - Bath Toys for Toddlers – Foam Bath Puzzles for Kids Ages 18 Months+ - Boost Fine Motor Skills (17 Pieces, 5 Puzzles) in the other category on TechPickHub. Discover trending Amazon.com products, shopping deals, buyer favorites and top-rated ecommerce products.",https://aamirsidque.github.io/TechPickHub/other/page1372.html,https://m.media-amazon.com/images/I/71wD3ixezrL._AC_UL320_.jpg,in stock,new,19.95 USD,19.95 USD,TechPickHub,Electronics,https://m.media-amazon.com/images/I/71wD3ixezrL._AC_UL320_.jpg,adult,other,best-seller,amazon-products,techpickhub,shopping,other,195387,unisex
195388,"Wooden Maze Toys,4Packs Maze Puzzle Game Montessori Labyrinth STEM Activity Puzzle Fine Motor Skill for 3 4 5 and 6 Year Old.Preschool Animals Birthday Party Favor",Best Other Products,"Explore Wooden Maze Toys,4Packs Maze Puzzle Game Montessori Labyrinth STEM Activity Puzzle Fine Motor Skill for 3 4 5 and 6 Year Old.Preschool Animals Birthday Party Favor in the other category on TechPickHub. Discover trending Amazon.com products, shopping deals, buyer favorites and top-rated ecommerce products.",https://aamirsidque.github.io/TechPickHub/other/page1372.html,https://m.media-amazon.com/images/I/7191-Ej2FgL._AC_UL320_.jpg,in stock,new,22.99 USD,22.99 USD,TechPickHub,Electronics,https://m.media-amazon.com/images/I/7191-Ej2FgL._AC_UL320_.jpg,adult,other,best-seller,amazon-products,techpickhub,shopping,other,195388,unisex
195389,"Daniel Tiger Clock Puzzle Shape Sorting Game for Toddlers, Kids ~ 4 Pc Learning Toy Bundle with Daniel Tiger Wooden Clock, Stickers, and More (Daniel Tiger Wood Toys)",Best Pc Products,"Explore Daniel Tiger Clock Puzzle Shape Sorting Game for Toddlers, Kids ~ 4 Pc Learning Toy Bundle with Daniel Tiger Wooden Clock, Stickers, and More (Daniel Tiger Wood Toys) in the pc category on TechPickHub. Discover trending Amazon.com products, shopping deals, buyer favorites and top-rated ecommerce products.",https://aamirsidque.github.io/TechPickHub/pc/page140.html,https://m.media-amazon.com/images/I/81N2TyGPWQL._AC_UL320_.jpg,in stock,new,17.95 USD,17.95 USD,TechPickHub,Electronics > Computers,https://m.media-amazon.com/images/I/81N2TyGPWQL._AC_UL320_.jpg,adult,pc,best-seller,amazon-products,techpickhub,shopping,pc,195389,unisex
195390,HABA Tractor Silicone Teether,Best Other Products,"Explore HABA Tractor Silicone Teether in the other category on TechPickHub. Discover trending Amazon.com products, shopping deals, buyer favorites and top-rated ecommerce products.",https://aamirsidque.github.io/TechPickHub/other/page1372.html,https://m.media-amazon.com/images/I/61wTj2e7poL._AC_UL320_.jpg,in stock,new,11.99 USD,11.99 USD,TechPickHub,Electronics,https://m.media-amazon.com/images/I/61wTj2e7poL._AC_UL320_.jpg,adult,other,best-seller,amazon-products,techpickhub,shopping,other,195390,unisex
195391,Nuby 5-Pack Easy Clean Bath Time Crayons,Best Other Products,"Explore Nuby 5-Pack Easy Clean Bath Time Crayons in the other category on TechPickHub. Discover trending Amazon.com products, shopping deals, buyer favorites and top-rated ecommerce products.",https://aamirsidque.github.io/TechPickHub/other/page1372.html,https://m.media-amazon.com/images/I/61SY-9ZrZiL._AC_UL320_.jpg,in stock,new,6.99 USD,6.99 USD,TechPickHub,Electronics,https://m.media-amazon.com/images/I/61SY-9ZrZiL._AC_UL320_.jpg,adult,other,best-seller,amazon-products,techpickhub,shopping,other,195391,unisex
195392,Trappy - The Original MINI Bear Trap Keychain That Works - DESTROY Chips and Crackers!,Best Other Products,"Explore Trappy - The Original MINI Bear Trap Keychain That Works - DESTROY Chips and Crackers! in the other category on TechPickHub. Discover trending Amazon.com products, shopping deals, buyer favorites and top-rated ecommerce products.",https://aamirsidque.github.io/TechPickHub/other/page1372.html,https://m.media-amazon.com/images/I/81yWp+IqF-S._AC_UL320_.jpg,in stock,new,28.0 USD,28.0 USD,TechPickHub,Electronics,https://m.media-amazon.com/images/I/81yWp+IqF-S._AC_UL320_.jpg,adult,other,best-seller,amazon-products,techpickhub,shopping,other,195392,unisex
195393,STOBOK 50PCS Noise Maker Repair Ball Rattle Box Repair Toy Insert Maker Sound Ball Toys Squeaker Noise Maker Rattle Insert Crafts Replacement Accessories for Kids Toy ( 24mm ),Best Pc Products,"Explore STOBOK 50PCS Noise Maker Repair Ball Rattle Box Repair Toy Insert Maker Sound Ball Toys Squeaker Noise Maker Rattle Insert Crafts Replacement Accessories for Kids Toy ( 24mm ) in the pc category on TechPickHub. Discover trending Amazon.com products, shopping deals, buyer favorites and top-rated ecommerce products.",https://aamirsidque.github.io/TechPickHub/pc/page140.html,https://m.media-amazon.com/images/I/418x+XS-e7L._AC_UL320_.jpg,in stock,new,12.59 USD,12.59 USD,TechPickHub,Electronics > Computers,https://m.media-amazon.com/images/I/418x+XS-e7L._AC_UL320_.jpg,adult,pc,best-seller,amazon-products,techpickhub,shopping,pc,195393,unisex
195394,"B. – Microphone & Extendable Stand – 5 Songs, Lights & Recording Feature – Bluetooth Connection – Musical Toys for Kids – 3 Years + – Mic It Shine",Best Mobiles Products,"Explore B. – Microphone & Extendable Stand – 5 Songs, Lights & Recording Feature – Bluetooth Connection – Musical Toys for Kids – 3 Years + – Mic It Shine in the mobiles category on TechPickHub. Discover trending Amazon.com products, shopping deals, buyer favorites and top-rated ecommerce products.",https://aamirsidque.github.io/TechPickHub/mobiles/page113.html,https://m.media-amazon.com/images/I/71iSzCBUKNL._AC_UL320_.jpg,in stock,new,34.95 USD,34.95 USD,TechPickHub,Electronics > Communications > Telephony > Mobile Phones,https://m.media-amazon.com/images/I/71iSzCBUKNL._AC_UL320_.jpg,adult,mobiles,best-seller,amazon-products,techpickhub,shopping,mobiles,195394,unisex
195395,HABA Kringelring Wooden Clutching Toy Rattle with Plastic Rings (Made in Germany),Best Other Products,"Explore HABA Kringelring Wooden Clutching Toy Rattle with Plastic Rings (Made in Germany) in the other category on TechPickHub. Discover trending Amazon.com products, shopping deals, buyer favorites and top-rated ecommerce products.",https://aamirsidque.github.io/TechPickHub/other/page1372.html,https://m.media-amazon.com/images/I/61lahtUgp4L._AC_UL320_.jpg,in stock,new,17.99 USD,17.99 USD,TechPickHub,Electronics,https://m.media-amazon.com/images/I/61lahtUgp4L._AC_UL320_.jpg,adult,other,best-seller,amazon-products,techpickhub,shopping,other,195395,unisex
195396,Rhode Island Novelty 2 Inch Dental Rubber Ducky (12 Piece),Best Other Products,"Explore Rhode Island Novelty 2 Inch Dental Rubber Ducky (12 Piece) in the other category on TechPickHub. Discover trending Amazon.com products, shopping deals, buyer favorites and top-rated ecommerce products.",https://aamirsidque.github.io/TechPickHub/other/page1372.html,https://m.media-amazon.com/images/I/41xaQqfFjOL._AC_UL320_.jpg,in stock,new,11.68 USD,11.68 USD,TechPickHub,Electronics,https://m.media-amazon.com/images/I/41xaQqfFjOL._AC_UL320_.jpg,adult,other,best-seller,amazon-products,techpickhub,shopping,other,195396,unisex
195397,Funsland Tummy Time Mirror for Baby Floor Activity Mirror with Crinkle Cloth Book and Teethers High Contrast Black and White Tummy Time Toys Crawling Toy for Baby 3 Months and Up,Best Other Products,"Explore Funsland Tummy Time Mirror for Baby Floor Activity Mirror with Crinkle Cloth Book and Teethers High Contrast Black and White Tummy Time Toys Crawling Toy for Baby 3 Months and Up in the other category on TechPickHub. Discover trending Amazon.com products, shopping deals, buyer favorites and top-rated ecommerce products.",https://aamirsidque.github.io/TechPickHub/other/page1372.html,https://m.media-amazon.com/images/I/81-AYZ24EqL._AC_UL320_.jpg,in stock,new,19.99 USD,19.99 USD,TechPickHub,Electronics,https://m.media-amazon.com/images/I/81-AYZ24EqL._AC_UL320_.jpg,adult,other,best-seller,amazon-products,techpickhub,shopping,other,195397,unisex
195398,Little Bado Musical Baby Cell Phone Toy for Baby Teething Game Fruit Baby Musical Toys for Early Learning Educational Baby Light Up Toy Play Phones for Toddlers Toys Xmas Gifts for 2 3 Years Old Pink,Best Mobiles Products,"Explore Little Bado Musical Baby Cell Phone Toy for Baby Teething Game Fruit Baby Musical Toys for Early Learning Educational Baby Light Up Toy Play Phones for Toddlers Toys Xmas Gifts for 2 3 Years Old Pink in the mobiles category on TechPickHub. Discover trending Amazon.com products, shopping deals, buyer favorites and top-rated ecommerce products.",https://aamirsidque.github.io/TechPickHub/mobiles/page113.html,https://m.media-amazon.com/images/I/61baD81PHkL._AC_UL320_.jpg,in stock,new,7.98 USD,7.98 USD,TechPickHub,Electronics > Communications > Telephony > Mobile Phones,https://m.media-amazon.com/images/I/61baD81PHkL._AC_UL320_.jpg,adult,mobiles,best-seller,amazon-products,techpickhub,shopping,mobiles,195398,unisex
195399,Kids Electric Early Education Simulation Steering Wheel Toy Multifunctional High Simulation Car Driving Toy with Music and Light Pretend Driving Toy for Toddlers,Best Other Products,"Explore Kids Electric Early Education Simulation Steering Wheel Toy Multifunctional High Simulation Car Driving Toy with Music and Light Pretend Driving Toy for Toddlers in the other category on TechPickHub. Discover trending Amazon.com products, shopping deals, buyer favorites and top-rated ecommerce products.",https://aamirsidque.github.io/TechPickHub/other/page1372.html,https://m.media-amazon.com/images/I/51ucqFOH12L._AC_UL320_.jpg,in stock,new,24.9 USD,24.9 USD,TechPickHub,Electronics,https://m.media-amazon.com/images/I/51ucqFOH12L._AC_UL320_.jpg,adult,other,best-seller,amazon-products,techpickhub,shopping,other,195399,unisex
195400,"24 Packs Baby Bath Light Up Toys, Floating Rubber Animal Toys for Toddlers Infant Kids Boys Girls Flashing Color Changing Light in Water Bath Toys for Bathtub Bathroom Shower Games Swimming Pool",Best Other Products,"Explore 24 Packs Baby Bath Light Up Toys, Floating Rubber Animal Toys for Toddlers Infant Kids Boys Girls Flashing Color Changing Light in Water Bath Toys for Bathtub Bathroom Shower Games Swimming Pool in the other category on TechPickHub. Discover trending Amazon.com products, shopping deals, buyer favorites and top-rated ecommerce products.",https://aamirsidque.github.io/TechPickHub/other/page1372.html,https://m.media-amazon.com/images/I/71K7YBTFA2L._AC_UL320_.jpg,in stock,new,29.99 USD,29.99 USD,TechPickHub,Electronics,https://m.media-amazon.com/images/I/71K7YBTFA2L._AC_UL320_.jpg,adult,other,best-seller,amazon-products,techpickhub,shopping,other,195400,unisex
195401,"Baby's First Ball - Black, White & Red Jingle Ball",Best Other Products,"Explore Baby's First Ball - Black, White & Red Jingle Ball in the other category on TechPickHub. Discover trending Amazon.com products, shopping deals, buyer favorites and top-rated ecommerce products.",https://aamirsidque.github.io/TechPickHub/other/page1372.html,https://m.media-amazon.com/images/I/61qsi4uGzgL._AC_UL320_.jpg,in stock,new,9.95 USD,9.95 USD,TechPickHub,Electronics,https://m.media-amazon.com/images/I/61qsi4uGzgL._AC_UL320_.jpg,adult,other,best-seller,amazon-products,techpickhub,shopping,other,195401,unisex
195402,PlanToys Speed Boat Bath and Water Play Toy (5667) | Sustainably Made from Rubberwood and Non-Toxic Paints and Dyes | Eco-Friendly PlanWood,Best Other Products,"Explore PlanToys Speed Boat Bath and Water Play Toy (5667) | Sustainably Made from Rubberwood and Non-Toxic Paints and Dyes | Eco-Friendly PlanWood in the other category on TechPickHub. Discover trending Amazon.com products, shopping deals, buyer favorites and top-rated ecommerce products.",https://aamirsidque.github.io/TechPickHub/other/page1372.html,https://m.media-amazon.com/images/I/71TpxpdEUDL._AC_UL320_.jpg,in stock,new,15.0 USD,15.0 USD,TechPickHub,Electronics,https://m.media-amazon.com/images/I/71TpxpdEUDL._AC_UL320_.jpg,adult,other,best-seller,amazon-products,techpickhub,shopping,other,195402,unisex
195403,Orange Tree Toys Jemima Puddle-Duck Pull Along,Best Other Products,"Explore Orange Tree Toys Jemima Puddle-Duck Pull Along in the other category on TechPickHub. Discover trending Amazon.com products, shopping deals, buyer favorites and top-rated ecommerce products.",https://aamirsidque.github.io/TechPickHub/other/page1372.html,https://m.media-amazon.com/images/I/71flnuWw8jL._AC_UL320_.jpg,in stock,new,18.66 USD,18.66 USD,TechPickHub,Electronics,https://m.media-amazon.com/images/I/71flnuWw8jL._AC_UL320_.jpg,adult,other,best-seller,amazon-products,techpickhub,shopping,other,195403,unisex
195404,"Children's Factory-CF331-061 Momma Inchworm Foam Climber, Soft Play Equipment, Kids Climbing Toys, Toddler Indoor Crawling Toy for Daycare/Homeschool/Playroom, Multi, Momma - Large",Best Other Products,"Explore Children's Factory-CF331-061 Momma Inchworm Foam Climber, Soft Play Equipment, Kids Climbing Toys, Toddler Indoor Crawling Toy for Daycare/Homeschool/Playroom, Multi, Momma - Large in the other category on TechPickHub. Discover trending Amazon.com products, shopping deals, buyer favorites and top-rated ecommerce products.",https://aamirsidque.github.io/TechPickHub/other/page1372.html,https://m.media-amazon.com/images/I/71yPn6M7xML._AC_UL320_.jpg,in stock,new,100.11 USD,100.11 USD,TechPickHub,Electronics,https://m.media-amazon.com/images/I/71yPn6M7xML._AC_UL320_.jpg,adult,other,best-seller,amazon-products,techpickhub,shopping,other,195404,unisex
195405,"Montessori Busy Board for Toddlers,Sensory Board for Preschool Learning Toys Quiet Book Educational Toys Basic Life Skills for Autism Gifts forKids Boys Girls Travel Toys (Blue)",Best Other Products,"Explore Montessori Busy Board for Toddlers,Sensory Board for Preschool Learning Toys Quiet Book Educational Toys Basic Life Skills for Autism Gifts forKids Boys Girls Travel Toys (Blue) in the other category on TechPickHub. Discover trending Amazon.com products, shopping deals, buyer favorites and top-rated ecommerce products.",https://aamirsidque.github.io/TechPickHub/other/page1372.html,https://m.media-amazon.com/images/I/81zvtjz56FL._AC_UL320_.jpg,in stock,new,18.98 USD,18.98 USD,TechPickHub,Electronics,https://m.media-amazon.com/images/I/81zvtjz56FL._AC_UL320_.jpg,adult,other,best-seller,amazon-products,techpickhub,shopping,other,195405,unisex
195406,"Manhattan Toy Petit Artiste Bunny Doll, Soft Book, & Wooden Teether Baby Soothing Gift Set Medium",Best Other Products,"Explore Manhattan Toy Petit Artiste Bunny Doll, Soft Book, & Wooden Teether Baby Soothing Gift Set Medium in the other category on TechPickHub. Discover trending Amazon.com products, shopping deals, buyer favorites and top-rated ecommerce products.",https://aamirsidque.github.io/TechPickHub/other/page1372.html,https://m.media-amazon.com/images/I/61BysvSF+HL._AC_UL320_.jpg,in stock,new,24.94 USD,24.94 USD,TechPickHub,Electronics,https://m.media-amazon.com/images/I/61BysvSF+HL._AC_UL320_.jpg,adult,other,best-seller,amazon-products,techpickhub,shopping,other,195406,unisex
195407,"ECR4Kids SoftZone Tree Tunnel and Climber, Toddler Playset, Chocolate, 2-Piece",Best Other Products,"Explore ECR4Kids SoftZone Tree Tunnel and Climber, Toddler Playset, Chocolate, 2-Piece in the other category on TechPickHub. Discover trending Amazon.com products, shopping deals, buyer favorites and top-rated ecommerce products.",https://aamirsidque.github.io/TechPickHub/other/page1372.html,https://m.media-amazon.com/images/I/91YyPh3MR1L._AC_UL320_.jpg,in stock,new,269.86 USD,269.86 USD,TechPickHub,Electronics,https://m.media-amazon.com/images/I/91YyPh3MR1L._AC_UL320_.jpg,adult,other,best-seller,amazon-products,techpickhub,shopping,other,195407,unisex
195408,100 Pack Colorful Rubber Duck for Baby Shower 1.9 inch Oh Baby Printed Rubber Ducks in Bulk Floater Duck Bath Toy Rubber Duckies Baby Bath Toys for Bath Party Birthday Favors,Best Other Products,"Explore 100 Pack Colorful Rubber Duck for Baby Shower 1.9 inch Oh Baby Printed Rubber Ducks in Bulk Floater Duck Bath Toy Rubber Duckies Baby Bath Toys for Bath Party Birthday Favors in the other category on TechPickHub. Discover trending Amazon.com products, shopping deals, buyer favorites and top-rated ecommerce products.",https://aamirsidque.github.io/TechPickHub/other/page1372.html,https://m.media-amazon.com/images/I/71lFytbIW7L._AC_UL320_.jpg,in stock,new,16.99 USD,16.99 USD,TechPickHub,Electronics,https://m.media-amazon.com/images/I/71lFytbIW7L._AC_UL320_.jpg,adult,other,best-seller,amazon-products,techpickhub,shopping,other,195408,unisex
195409,"JHXXXL Baby Musical Turtle Toy, Lights Crawling Baby Toy for Boy & Girl,Electric Moving Toys for Toddlers,Birthday Gifts Age 1 2,3,4,5,6",Best Other Products,"Explore JHXXXL Baby Musical Turtle Toy, Lights Crawling Baby Toy for Boy & Girl,Electric Moving Toys for Toddlers,Birthday Gifts Age 1 2,3,4,5,6 in the other category on TechPickHub. Discover trending Amazon.com products, shopping deals, buyer favorites and top-rated ecommerce products.",https://aamirsidque.github.io/TechPickHub/other/page1372.html,https://m.media-amazon.com/images/I/71RkQCn+4eL._AC_UL320_.jpg,in stock,new,11.99 USD,11.99 USD,TechPickHub,Electronics,https://m.media-amazon.com/images/I/71RkQCn+4eL._AC_UL320_.jpg,adult,other,best-seller,amazon-products,techpickhub,shopping,other,195409,unisex
195410,2 PCS Soft Cloth Baby Books 0-3 3-6 Months High Contrast Sensory Touch Feel Baby Toys 6 to 12 Months Crinkle Book Infant Tummy Time Teething Toys Essentials Montessori Activities Newborn Shower Gift,Best Pc Products,"Explore 2 PCS Soft Cloth Baby Books 0-3 3-6 Months High Contrast Sensory Touch Feel Baby Toys 6 to 12 Months Crinkle Book Infant Tummy Time Teething Toys Essentials Montessori Activities Newborn Shower Gift in the pc category on TechPickHub. Discover trending Amazon.com products, shopping deals, buyer favorites and top-rated ecommerce products.",https://aamirsidque.github.io/TechPickHub/pc/page141.html,https://m.media-amazon.com/images/I/81tdls8a3+L._AC_UL320_.jpg,in stock,new,13.99 USD,13.99 USD,TechPickHub,Electronics > Computers,https://m.media-amazon.com/images/I/81tdls8a3+L._AC_UL320_.jpg,adult,pc,best-seller,amazon-products,techpickhub,shopping,pc,195410,unisex
195411,"Halloween Teether Cute Ghost Ring Teether Silicone Baby Pumpkin Teether, Halloween Teether for Infant Toddler Girls Boys Gift",Best Other Products,"Explore Halloween Teether Cute Ghost Ring Teether Silicone Baby Pumpkin Teether, Halloween Teether for Infant Toddler Girls Boys Gift in the other category on TechPickHub. Discover trending Amazon.com products, shopping deals, buyer favorites and top-rated ecommerce products.",https://aamirsidque.github.io/TechPickHub/other/page1372.html,https://m.media-amazon.com/images/I/61Q7sDbwt8L._AC_UL320_.jpg,in stock,new,9.99 USD,9.99 USD,TechPickHub,Electronics,https://m.media-amazon.com/images/I/61Q7sDbwt8L._AC_UL320_.jpg,adult,other,best-seller,amazon-products,techpickhub,shopping,other,195411,unisex
195412,Tedco Rattle Back (Multicolour),Best Other Products,"Explore Tedco Rattle Back (Multicolour) in the other category on TechPickHub. Discover trending Amazon.com products, shopping deals, buyer favorites and top-rated ecommerce products.",https://aamirsidque.github.io/TechPickHub/other/page1372.html,https://m.media-amazon.com/images/I/91RXnpVfheL._AC_UL320_.jpg,in stock,new,5.49 USD,5.49 USD,TechPickHub,Electronics,https://m.media-amazon.com/images/I/91RXnpVfheL._AC_UL320_.jpg,adult,other,best-seller,amazon-products,techpickhub,shopping,other,195412,unisex
195413,"Retysaz Kids Phonograph with 96 Cards, Story Music Player for Kids 3-12 Musical Sensory Toy for boy Girl,Toddler Audio Pre-Kindergarten Toy Early Childhood Education Gift Birthday (Blue)",Best Other Products,"Explore Retysaz Kids Phonograph with 96 Cards, Story Music Player for Kids 3-12 Musical Sensory Toy for boy Girl,Toddler Audio Pre-Kindergarten Toy Early Childhood Education Gift Birthday (Blue) in the other category on TechPickHub. Discover trending Amazon.com products, shopping deals, buyer favorites and top-rated ecommerce products.",https://aamirsidque.github.io/TechPickHub/other/page1372.html,https://m.media-amazon.com/images/I/61QMMUOImXL._AC_UL320_.jpg,in stock,new,29.77 USD,29.77 USD,TechPickHub,Electronics,https://m.media-amazon.com/images/I/61QMMUOImXL._AC_UL320_.jpg,adult,other,best-seller,amazon-products,techpickhub,shopping,other,195413,unisex
195414,"20 Pack LED Light up Flashing UFO Spinning Tops for Kids, Gyroscope Novelty Bulk Toys Goodie Boys and Girls Best Party Favors",Best Other Products,"Explore 20 Pack LED Light up Flashing UFO Spinning Tops for Kids, Gyroscope Novelty Bulk Toys Goodie Boys and Girls Best Party Favors in the other category on TechPickHub. Discover trending Amazon.com products, shopping deals, buyer favorites and top-rated ecommerce products.",https://aamirsidque.github.io/TechPickHub/other/page1372.html,https://m.media-amazon.com/images/I/71+cXHjmAFL._AC_UL320_.jpg,in stock,new,14.88 USD,14.88 USD,TechPickHub,Electronics,https://m.media-amazon.com/images/I/71+cXHjmAFL._AC_UL320_.jpg,adult,other,best-seller,amazon-products,techpickhub,shopping,other,195414,unisex
195415,"BEBOAN Montessori Pull String Toys Food Grade Silicone Sensory Pulling Toys for Babies 6-12 Months, Airplane Travel Car Stroller Activity Toy Gift for Toddlers Boys Girls 1 2 3 Year Old (Fox Shaped)",Best Other Products,"Explore BEBOAN Montessori Pull String Toys Food Grade Silicone Sensory Pulling Toys for Babies 6-12 Months, Airplane Travel Car Stroller Activity Toy Gift for Toddlers Boys Girls 1 2 3 Year Old (Fox Shaped) in the other category on TechPickHub. Discover trending Amazon.com products, shopping deals, buyer favorites and top-rated ecommerce products.",https://aamirsidque.github.io/TechPickHub/other/page1372.html,https://m.media-amazon.com/images/I/71joEqa5RLL._AC_UL320_.jpg,in stock,new,9.99 USD,9.99 USD,TechPickHub,Electronics,https://m.media-amazon.com/images/I/71joEqa5RLL._AC_UL320_.jpg,adult,other,best-seller,amazon-products,techpickhub,shopping,other,195415,unisex
195416,"KawaiOnO Handmade Cotton Crochet Rattler for Baby, Natural Amigurumi Crochet Giraffe on Natural Teething Ring Rattle, Infant Toys (Yellow Giraffe)",Best Other Products,"Explore KawaiOnO Handmade Cotton Crochet Rattler for Baby, Natural Amigurumi Crochet Giraffe on Natural Teething Ring Rattle, Infant Toys (Yellow Giraffe) in the other category on TechPickHub. Discover trending Amazon.com products, shopping deals, buyer favorites and top-rated ecommerce products.",https://aamirsidque.github.io/TechPickHub/other/page1372.html,https://m.media-amazon.com/images/I/81UTKpcStQL._AC_UL320_.jpg,in stock,new,17.99 USD,17.99 USD,TechPickHub,Electronics,https://m.media-amazon.com/images/I/81UTKpcStQL._AC_UL320_.jpg,adult,other,best-seller,amazon-products,techpickhub,shopping,other,195416,unisex
195417,Busy Book Toddler Activities Book Preschool Toys Learning & Education Toys Montessori Toys for Toddlers Preschool Learning Activities Kindergarten Learning Activities Autism Sensory Toys,Best Other Products,"Explore Busy Book Toddler Activities Book Preschool Toys Learning & Education Toys Montessori Toys for Toddlers Preschool Learning Activities Kindergarten Learning Activities Autism Sensory Toys in the other category on TechPickHub. Discover trending Amazon.com products, shopping deals, buyer favorites and top-rated ecommerce products.",https://aamirsidque.github.io/TechPickHub/other/page1372.html,https://m.media-amazon.com/images/I/81ToJKypF2L._AC_UL320_.jpg,in stock,new,20.88 USD,20.88 USD,TechPickHub,Electronics,https://m.media-amazon.com/images/I/81ToJKypF2L._AC_UL320_.jpg,adult,other,best-seller,amazon-products,techpickhub,shopping,other,195417,unisex
195418,"OgoBolli Gummi Teether Ring Textured Sensory Ball Toy for Babies & Toddlers - Stretchy, Soft Non-Toxic Silicone - Boys and Girls Age 0+ Months - Pink Grapefruit",Best Other Products,"Explore OgoBolli Gummi Teether Ring Textured Sensory Ball Toy for Babies & Toddlers - Stretchy, Soft Non-Toxic Silicone - Boys and Girls Age 0+ Months - Pink Grapefruit in the other category on TechPickHub. Discover trending Amazon.com products, shopping deals, buyer favorites and top-rated ecommerce products.",https://aamirsidque.github.io/TechPickHub/other/page1372.html,https://m.media-amazon.com/images/I/71qaSJgUx7L._AC_UL320_.jpg,in stock,new,9.0 USD,9.0 USD,TechPickHub,Electronics,https://m.media-amazon.com/images/I/71qaSJgUx7L._AC_UL320_.jpg,adult,other,best-seller,amazon-products,techpickhub,shopping,other,195418,unisex
